-- MySQL dump 10.13  Distrib 8.0.32, for Win64 (x86_64)
--
-- Host: k8a603.p.ssafy.io    Database: hearo
-- ------------------------------------------------------
-- Server version	8.0.33

/*!40101 SET @OLD_CHARACTER_SET_CLIENT=@@CHARACTER_SET_CLIENT */;
/*!40101 SET @OLD_CHARACTER_SET_RESULTS=@@CHARACTER_SET_RESULTS */;
/*!40101 SET @OLD_COLLATION_CONNECTION=@@COLLATION_CONNECTION */;
/*!50503 SET NAMES utf8 */;
/*!40103 SET @OLD_TIME_ZONE=@@TIME_ZONE */;
/*!40103 SET TIME_ZONE='+00:00' */;
/*!40014 SET @OLD_UNIQUE_CHECKS=@@UNIQUE_CHECKS, UNIQUE_CHECKS=0 */;
/*!40014 SET @OLD_FOREIGN_KEY_CHECKS=@@FOREIGN_KEY_CHECKS, FOREIGN_KEY_CHECKS=0 */;
/*!40101 SET @OLD_SQL_MODE=@@SQL_MODE, SQL_MODE='NO_AUTO_VALUE_ON_ZERO' */;
/*!40111 SET @OLD_SQL_NOTES=@@SQL_NOTES, SQL_NOTES=0 */;

--
-- Table structure for table `conversation`
--

DROP TABLE IF EXISTS `conversation`;
/*!40101 SET @saved_cs_client     = @@character_set_client */;
/*!50503 SET character_set_client = utf8mb4 */;
CREATE TABLE `conversation` (
  `conversation_seq` bigint NOT NULL AUTO_INCREMENT,
  `user_seq` bigint NOT NULL,
  `conversation_type` varchar(20) COLLATE utf8mb4_unicode_ci NOT NULL COMMENT ' ',
  `reg_dtm` datetime NOT NULL DEFAULT CURRENT_TIMESTAMP COMMENT '  ',
  `end_dtm` datetime DEFAULT NULL COMMENT '  ',
  PRIMARY KEY (`conversation_seq`),
  KEY `user_seq` (`user_seq`),
  CONSTRAINT `conversation_ibfk_1` FOREIGN KEY (`user_seq`) REFERENCES `user` (`user_seq`)
) ENGINE=InnoDB AUTO_INCREMENT=286 DEFAULT CHARSET=utf8mb4 COLLATE=utf8mb4_unicode_ci;
/*!40101 SET character_set_client = @saved_cs_client */;

--
-- Dumping data for table `conversation`
--

LOCK TABLES `conversation` WRITE;
/*!40000 ALTER TABLE `conversation` DISABLE KEYS */;
INSERT INTO `conversation` VALUES (1,3,'sl','2023-05-14 11:38:05','2023-05-14 11:38:13'),(2,3,'sl','2023-05-14 11:46:06','2023-05-14 12:58:48'),(3,3,'sl','2023-05-14 12:59:25','2023-05-14 13:02:07'),(4,3,'sl','2023-05-14 13:02:21','2023-05-14 13:02:55'),(5,3,'sl','2023-05-14 13:05:02','2023-05-14 13:06:07'),(6,3,'sl','2023-05-14 13:06:13','2023-05-14 13:06:48'),(7,3,'sl','2023-05-14 13:06:55','2023-05-14 13:09:22'),(8,3,'sl','2023-05-14 13:09:27','2023-05-14 13:11:57'),(9,3,'sl','2023-05-14 13:12:05','2023-05-14 13:12:33'),(10,3,'sl','2023-05-14 13:14:09','2023-05-14 13:15:28'),(11,3,'sl','2023-05-14 13:15:35','2023-05-14 13:16:19'),(12,3,'sl','2023-05-14 13:16:25','2023-05-14 13:17:00'),(13,3,'sl','2023-05-14 14:25:16','2023-05-14 14:25:23'),(14,3,'sl','2023-05-14 14:27:41','2023-05-14 14:27:47'),(15,3,'sl','2023-05-14 14:33:22','2023-05-14 14:34:18'),(16,3,'sl','2023-05-14 14:34:25','2023-05-14 14:35:17'),(17,3,'sl','2023-05-14 14:36:38','2023-05-14 14:36:53'),(18,3,'sl','2023-05-14 14:47:02','2023-05-14 15:16:22'),(19,3,'sl','2023-05-14 15:16:33','2023-05-14 15:20:44'),(20,3,'sl','2023-05-14 15:20:51','2023-05-14 15:21:40'),(21,3,'sl','2023-05-14 15:21:49','2023-05-14 15:22:38'),(22,3,'sl','2023-05-14 15:23:45','2023-05-14 15:24:05'),(23,3,'sl','2023-05-14 15:24:11','2023-05-14 15:24:53'),(24,3,'sl','2023-05-14 15:25:00','2023-05-14 15:25:32'),(25,3,'sl','2023-05-14 15:25:39','2023-05-14 15:36:43'),(26,3,'sl','2023-05-14 15:36:52','2023-05-14 15:37:31'),(27,3,'sl','2023-05-14 15:37:39','2023-05-14 15:38:48'),(28,3,'sl','2023-05-14 15:38:55','2023-05-14 15:39:45'),(29,3,'sl','2023-05-14 15:39:51','2023-05-14 15:39:56'),(30,3,'sl','2023-05-14 15:40:47','2023-05-14 15:40:54'),(31,3,'sl','2023-05-14 15:41:58','2023-05-14 15:42:04'),(32,3,'sl','2023-05-14 15:51:11','2023-05-14 15:51:26'),(33,3,'sl','2023-05-14 15:57:08','2023-05-14 15:57:14'),(34,3,'sl','2023-05-14 15:59:51','2023-05-14 16:00:01'),(35,3,'sl','2023-05-14 16:10:18','2023-05-14 16:10:26'),(36,3,'sl','2023-05-14 16:13:28','2023-05-14 16:13:33'),(37,3,'sl','2023-05-14 16:19:17','2023-05-14 16:19:23'),(38,3,'sl','2023-05-14 16:20:37','2023-05-14 16:21:15'),(39,3,'sl','2023-05-14 16:21:33','2023-05-14 16:21:54'),(40,3,'sl','2023-05-14 16:23:00','2023-05-14 16:23:43'),(41,3,'sl','2023-05-14 16:25:36','2023-05-14 16:25:40'),(42,3,'sl','2023-05-14 17:10:27','2023-05-14 17:10:35'),(43,3,'sl','2023-05-14 17:13:05','2023-05-14 17:13:10'),(44,3,'sl','2023-05-14 17:14:37','2023-05-14 17:14:41'),(45,3,'sl','2023-05-14 17:20:50','2023-05-14 17:20:55'),(46,3,'sl','2023-05-14 17:24:47','2023-05-14 17:24:55'),(47,3,'sl','2023-05-14 17:26:13','2023-05-14 17:26:19'),(48,3,'sl','2023-05-14 17:27:28','2023-05-14 17:27:33'),(49,3,'sl','2023-05-14 17:28:06','2023-05-14 17:28:10'),(50,3,'sl','2023-05-15 00:38:43','2023-05-15 00:39:25'),(51,3,'sl','2023-05-15 00:49:12','2023-05-15 00:49:32'),(52,3,'sl','2023-05-15 01:10:08','2023-05-15 01:10:21'),(53,3,'sl','2023-05-15 01:12:11','2023-05-15 01:12:26'),(54,3,'sl','2023-05-15 01:38:18','2023-05-15 01:38:38'),(55,3,'sl','2023-05-15 01:41:10','2023-05-15 01:41:22'),(56,3,'sl','2023-05-15 01:42:27','2023-05-15 01:42:35'),(57,3,'sl','2023-05-15 01:42:54','2023-05-15 02:57:58'),(58,3,'sl','2023-05-15 02:58:04','2023-05-15 02:58:11'),(59,3,'sl','2023-05-15 02:59:55','2023-05-15 03:00:25'),(60,3,'sl','2023-05-15 04:10:18','2023-05-15 04:10:31'),(61,3,'sl','2023-05-15 04:13:32','2023-05-15 04:13:48'),(62,3,'sl','2023-05-15 06:40:57','2023-05-15 07:39:37'),(63,3,'sl','2023-05-15 07:39:45','2023-05-15 07:40:01'),(64,3,'sl','2023-05-15 07:54:14','2023-05-15 07:54:52'),(65,3,'sl','2023-05-15 08:08:03','2023-05-15 08:08:40'),(66,3,'sl','2023-05-15 08:40:01','2023-05-16 01:16:33'),(67,3,'sl','2023-05-16 01:17:32','2023-05-16 01:18:30'),(68,3,'sl','2023-05-16 01:19:33','2023-05-16 01:20:06'),(69,3,'sl','2023-05-16 01:20:58','2023-05-16 01:21:03'),(70,3,'sl','2023-05-16 01:32:40','2023-05-16 01:33:24'),(71,3,'sl','2023-05-16 01:39:56','2023-05-16 01:40:32'),(72,3,'sl','2023-05-16 01:59:00','2023-05-16 01:59:49'),(73,3,'sl','2023-05-16 02:04:36','2023-05-16 02:05:30'),(74,3,'sl','2023-05-16 02:13:03','2023-05-16 02:13:20'),(75,3,'sl','2023-05-16 02:14:28','2023-05-16 02:14:45'),(76,3,'sl','2023-05-16 02:16:28','2023-05-16 02:16:36'),(77,3,'sl','2023-05-16 02:18:24','2023-05-16 02:18:52'),(78,3,'sl','2023-05-16 02:49:40','2023-05-16 02:50:13'),(79,3,'sl','2023-05-16 02:56:19','2023-05-16 02:56:27'),(80,3,'sl','2023-05-16 02:56:53','2023-05-16 02:57:01'),(81,3,'sl','2023-05-16 03:33:59','2023-05-16 03:34:12'),(82,3,'sl','2023-05-16 03:52:23','2023-05-16 03:52:39'),(83,3,'sl','2023-05-16 04:08:54','2023-05-16 04:09:05'),(84,3,'sl','2023-05-16 04:20:54','2023-05-16 04:21:04'),(85,3,'sl','2023-05-16 04:38:46','2023-05-16 04:40:10'),(86,3,'sl','2023-05-16 04:40:17','2023-05-16 04:40:30'),(87,3,'sl','2023-05-16 04:55:44','2023-05-16 04:56:02'),(88,3,'sl','2023-05-16 04:57:09','2023-05-16 04:57:32'),(89,3,'sl','2023-05-16 04:57:39','2023-05-16 04:57:48'),(90,3,'sl','2023-05-16 04:59:08','2023-05-16 05:12:09'),(91,3,'sl','2023-05-16 05:12:16','2023-05-16 05:12:28'),(92,3,'sl','2023-05-16 06:45:01','2023-05-16 06:45:30'),(93,3,'sl','2023-05-16 07:44:31','2023-05-16 07:44:44'),(94,3,'sl','2023-05-16 08:10:44','2023-05-16 08:12:08'),(95,3,'sl','2023-05-16 08:30:54','2023-05-16 08:31:33'),(96,3,'sl','2023-05-16 13:05:09','2023-05-16 13:05:29'),(97,3,'sl','2023-05-16 15:43:48','2023-05-16 16:45:42'),(98,3,'sl','2023-05-16 16:45:48','2023-05-16 16:45:53'),(99,3,'sl','2023-05-16 16:48:36','2023-05-16 16:49:03'),(100,3,'sl','2023-05-16 23:58:46','2023-05-17 00:06:30'),(101,3,'sl','2023-05-17 01:05:45','2023-05-17 01:14:02'),(102,3,'sl','2023-05-17 01:18:43','2023-05-17 01:19:34'),(103,3,'sl','2023-05-17 01:20:04','2023-05-17 01:20:21'),(104,3,'sl','2023-05-17 02:18:14','2023-05-17 02:19:07'),(105,3,'sl','2023-05-17 02:49:13','2023-05-17 02:49:42'),(106,3,'sl','2023-05-17 02:49:49','2023-05-17 02:49:58'),(107,3,'sl','2023-05-17 02:51:59','2023-05-17 03:06:33'),(108,3,'sl','2023-05-17 03:16:34','2023-05-17 03:16:41'),(109,3,'sl','2023-05-17 03:16:58','2023-05-17 03:18:20'),(110,3,'sl','2023-05-17 03:18:26','2023-05-17 03:18:44'),(111,3,'sl','2023-05-17 03:21:17','2023-05-17 03:21:54'),(112,3,'sl','2023-05-17 03:22:05','2023-05-17 03:22:47'),(113,3,'sl','2023-05-17 03:26:48','2023-05-17 03:27:23'),(114,3,'sl','2023-05-17 03:33:14','2023-05-17 03:33:38'),(115,3,'sl','2023-05-17 03:33:44','2023-05-17 03:34:36'),(116,3,'sl','2023-05-17 03:34:46','2023-05-17 03:35:04'),(117,3,'sl','2023-05-17 03:35:11','2023-05-17 03:36:24'),(118,3,'sl','2023-05-17 04:13:28','2023-05-17 04:21:17'),(119,3,'sl','2023-05-17 04:21:24','2023-05-17 04:21:49'),(120,3,'sl','2023-05-17 04:21:56','2023-05-17 04:22:40'),(121,3,'sl','2023-05-17 04:22:46','2023-05-17 04:23:01'),(122,3,'sl','2023-05-17 04:23:07','2023-05-17 04:23:21'),(123,3,'sl','2023-05-17 04:26:44','2023-05-17 04:27:58'),(124,3,'sl','2023-05-17 04:28:04','2023-05-17 04:29:21'),(125,3,'sl','2023-05-17 04:29:27','2023-05-17 04:29:35'),(126,3,'sl','2023-05-17 04:33:15','2023-05-17 04:33:23'),(127,3,'sl','2023-05-17 04:37:48','2023-05-17 04:39:11'),(128,3,'sl','2023-05-17 04:39:16','2023-05-17 04:39:40'),(129,3,'sl','2023-05-17 04:41:20','2023-05-17 04:41:30'),(130,3,'sl','2023-05-17 04:43:45','2023-05-17 04:44:17'),(131,3,'sl','2023-05-17 04:44:24','2023-05-17 04:44:32'),(132,3,'sl','2023-05-17 04:44:58','2023-05-17 04:45:02'),(133,3,'sl','2023-05-17 04:45:35','2023-05-17 04:45:39'),(134,3,'sl','2023-05-17 04:48:30','2023-05-17 04:51:20'),(135,3,'sl','2023-05-17 04:51:27','2023-05-17 05:07:39'),(136,3,'sl','2023-05-17 05:07:46','2023-05-17 05:08:14'),(137,3,'sl','2023-05-17 05:12:25','2023-05-17 05:12:35'),(138,3,'sl','2023-05-17 05:15:31','2023-05-17 05:15:50'),(139,3,'sl','2023-05-17 05:18:03','2023-05-17 05:19:55'),(140,3,'sl','2023-05-17 05:25:40','2023-05-17 05:26:10'),(141,3,'sl','2023-05-17 07:06:26','2023-05-17 07:06:37'),(142,3,'sl','2023-05-17 07:07:53','2023-05-17 07:10:24'),(143,3,'sl','2023-05-17 08:47:03','2023-05-17 08:47:35'),(144,3,'sl','2023-05-17 12:16:35','2023-05-17 12:16:44'),(145,3,'sl','2023-05-17 12:17:32','2023-05-17 12:18:03'),(146,3,'sl','2023-05-17 12:21:12','2023-05-17 12:21:18'),(147,3,'sl','2023-05-17 12:22:06','2023-05-17 12:22:12'),(148,3,'sl','2023-05-17 12:25:46','2023-05-17 12:26:24'),(149,3,'sl','2023-05-17 12:28:10','2023-05-17 12:28:36'),(150,3,'sl','2023-05-17 12:29:35','2023-05-17 12:30:00'),(151,3,'sl','2023-05-17 12:30:50','2023-05-17 12:31:48'),(152,3,'sl','2023-05-17 12:32:00','2023-05-17 12:32:12'),(153,3,'sl','2023-05-17 12:33:29','2023-05-17 12:35:00'),(154,3,'sl','2023-05-17 12:35:13','2023-05-17 12:36:36'),(155,3,'sl','2023-05-17 12:39:15','2023-05-17 12:39:50'),(156,3,'sl','2023-05-17 12:39:58','2023-05-17 12:40:07'),(157,3,'sl','2023-05-17 12:40:32','2023-05-17 12:40:40'),(158,3,'sl','2023-05-17 12:41:11','2023-05-17 12:42:48'),(159,3,'sl','2023-05-17 12:42:54','2023-05-17 12:43:11'),(160,3,'sl','2023-05-17 12:43:41','2023-05-17 12:44:32'),(161,3,'sl','2023-05-17 12:47:30','2023-05-17 12:47:49'),(162,3,'sl','2023-05-17 12:51:29','2023-05-17 12:51:35'),(163,3,'sl','2023-05-17 12:54:38','2023-05-17 12:54:43'),(164,3,'sl','2023-05-17 12:56:37','2023-05-17 12:56:40'),(165,3,'sl','2023-05-17 13:14:12','2023-05-17 13:14:23'),(166,3,'sl','2023-05-17 13:15:18','2023-05-17 13:15:32'),(167,3,'sl','2023-05-17 13:23:26','2023-05-17 13:23:42'),(168,8,'sl','2023-05-18 01:18:41',NULL),(169,3,'sl','2023-05-18 01:44:03','2023-05-18 01:46:07'),(170,3,'sl','2023-05-18 01:46:21','2023-05-18 02:12:45'),(171,3,'sl','2023-05-18 02:12:51','2023-05-18 02:13:35'),(172,3,'sl','2023-05-18 02:13:42','2023-05-18 02:16:07'),(173,3,'sl','2023-05-18 02:16:13','2023-05-18 02:16:29'),(174,3,'sl','2023-05-18 02:19:38','2023-05-18 02:20:22'),(175,3,'sl','2023-05-18 02:20:31','2023-05-18 03:40:29'),(176,3,'sl','2023-05-18 03:40:48','2023-05-18 03:41:07'),(177,3,'sl','2023-05-18 04:05:12','2023-05-18 04:05:27'),(178,3,'sl','2023-05-18 04:19:09','2023-05-18 04:19:19'),(179,3,'sl','2023-05-18 04:31:17','2023-05-18 04:33:31'),(180,3,'sl','2023-05-18 04:37:42','2023-05-18 04:38:01'),(181,3,'sl','2023-05-18 04:38:41','2023-05-18 04:38:49'),(182,3,'sl','2023-05-18 04:39:11','2023-05-18 04:39:18'),(183,3,'sl','2023-05-18 05:01:40','2023-05-18 05:01:51'),(184,3,'sl','2023-05-18 05:16:26','2023-05-18 05:24:11'),(185,3,'sl','2023-05-18 05:28:09','2023-05-18 05:28:41'),(186,3,'sl','2023-05-18 05:31:14','2023-05-18 05:31:31'),(187,3,'sl','2023-05-18 05:33:08','2023-05-18 05:41:43'),(188,3,'sl','2023-05-18 05:45:55','2023-05-18 05:48:53'),(189,3,'sl','2023-05-18 05:49:04','2023-05-18 05:49:09'),(190,3,'sl','2023-05-18 06:00:15','2023-05-18 06:00:20'),(191,3,'sl','2023-05-18 06:01:15','2023-05-18 06:01:31'),(192,3,'sl','2023-05-18 06:03:09','2023-05-18 06:03:55'),(193,3,'sl','2023-05-18 06:07:10','2023-05-18 06:07:26'),(194,3,'sl','2023-05-18 06:18:16','2023-05-18 06:18:41'),(195,3,'sl','2023-05-18 06:18:50','2023-05-18 06:19:12'),(196,3,'sl','2023-05-18 06:19:18','2023-05-18 06:19:42'),(197,3,'sl','2023-05-18 06:22:52','2023-05-18 06:23:18'),(198,3,'sl','2023-05-18 06:26:35','2023-05-18 06:28:21'),(199,1,'sl','2023-05-18 06:58:13',NULL),(200,3,'sl','2023-05-18 07:56:21','2023-05-18 07:57:24'),(201,3,'sl','2023-05-18 07:57:48','2023-05-18 07:58:14'),(202,3,'sl','2023-05-18 07:58:40','2023-05-18 07:58:53'),(203,3,'sl','2023-05-18 07:59:10','2023-05-18 07:59:24'),(204,3,'sl','2023-05-18 07:59:49','2023-05-18 08:00:02'),(205,3,'sl','2023-05-18 08:01:31','2023-05-18 08:02:02'),(206,3,'sl','2023-05-18 08:08:05','2023-05-18 08:08:51'),(207,3,'sl','2023-05-18 08:10:17','2023-05-18 08:10:31'),(208,3,'sl','2023-05-18 08:14:48','2023-05-18 08:20:41'),(209,3,'sl','2023-05-18 08:22:42','2023-05-18 08:22:58'),(210,3,'sl','2023-05-18 08:23:51','2023-05-18 08:25:16'),(211,3,'sl','2023-05-18 08:26:59','2023-05-18 08:28:12'),(212,5,'sl','2023-05-18 08:32:04','2023-05-18 08:32:23'),(213,3,'sl','2023-05-18 08:43:18','2023-05-18 08:43:46'),(214,3,'sl','2023-05-18 08:47:59','2023-05-18 11:22:36'),(215,5,'sl','2023-05-18 10:13:53','2023-05-18 10:13:58'),(216,5,'sl','2023-05-18 10:16:07','2023-05-18 10:16:31'),(217,5,'sl','2023-05-18 10:18:36','2023-05-18 10:18:49'),(218,5,'sl','2023-05-18 10:26:58','2023-05-18 10:27:19'),(219,7,'sl','2023-05-18 11:18:42','2023-05-18 11:18:49'),(220,7,'sl','2023-05-18 11:20:17','2023-05-18 11:20:25'),(221,3,'sl','2023-05-18 11:22:43','2023-05-18 11:24:22'),(222,3,'sl','2023-05-18 11:28:01','2023-05-18 11:29:20'),(223,3,'sl','2023-05-18 11:33:33','2023-05-18 11:34:48'),(224,3,'sl','2023-05-18 11:35:44','2023-05-18 11:37:01'),(225,3,'sl','2023-05-18 11:37:37','2023-05-18 11:40:04'),(226,3,'sl','2023-05-18 11:40:17','2023-05-18 11:41:01'),(227,3,'sl','2023-05-18 11:41:17','2023-05-18 11:42:03'),(228,3,'sl','2023-05-18 11:47:10','2023-05-18 11:47:41'),(229,3,'sl','2023-05-18 11:48:41','2023-05-18 12:04:05'),(230,3,'sl','2023-05-18 12:04:42','2023-05-18 12:04:59'),(231,3,'sl','2023-05-18 12:16:39','2023-05-18 12:17:09'),(232,3,'sl','2023-05-18 12:18:06','2023-05-18 12:18:33'),(233,3,'sl','2023-05-18 12:18:44','2023-05-18 12:19:05'),(234,7,'sl','2023-05-18 12:20:39','2023-05-18 12:34:30'),(235,3,'sl','2023-05-18 12:39:58','2023-05-18 12:40:17'),(236,3,'sl','2023-05-18 12:46:51','2023-05-18 12:47:24'),(237,3,'sl','2023-05-18 12:54:11','2023-05-18 12:54:33'),(238,3,'sl','2023-05-18 13:13:52','2023-05-18 13:14:24'),(239,3,'sl','2023-05-18 13:16:47','2023-05-18 13:17:14'),(240,3,'sl','2023-05-18 13:17:44','2023-05-18 13:18:10'),(241,3,'sl','2023-05-18 13:19:23','2023-05-18 13:20:20'),(242,7,'sl','2023-05-18 13:27:03','2023-05-18 13:27:08'),(243,7,'sl','2023-05-18 13:28:15','2023-05-18 13:28:36'),(244,7,'sl','2023-05-18 13:31:06','2023-05-18 13:31:54'),(245,7,'sl','2023-05-18 13:32:46','2023-05-18 13:33:12'),(246,3,'sl','2023-05-18 15:33:47','2023-05-18 15:35:16'),(247,3,'sl','2023-05-18 15:35:23','2023-05-18 15:35:34'),(248,3,'sl','2023-05-18 15:42:03','2023-05-18 15:42:18'),(249,7,'sl','2023-05-18 16:19:22','2023-05-18 16:20:59'),(250,5,'sl','2023-05-18 18:11:10','2023-05-18 18:11:26'),(251,5,'sl','2023-05-18 18:12:07','2023-05-18 18:12:20'),(252,3,'sl','2023-05-18 19:04:59','2023-05-18 19:06:15'),(253,3,'sl','2023-05-18 19:08:54','2023-05-18 19:11:28'),(254,3,'sl','2023-05-18 19:11:35','2023-05-18 19:13:38'),(255,5,'sl','2023-05-18 19:33:42','2023-05-18 19:34:05'),(256,3,'sl','2023-05-18 19:37:05','2023-05-18 19:37:24'),(257,3,'sl','2023-05-18 19:43:28','2023-05-18 19:43:45'),(258,3,'sl','2023-05-18 19:43:50','2023-05-18 19:44:16'),(259,3,'sl','2023-05-18 19:47:42','2023-05-18 19:48:08'),(260,3,'sl','2023-05-18 19:52:20','2023-05-18 19:53:01'),(261,5,'sl','2023-05-18 19:53:05','2023-05-18 19:53:18'),(262,3,'sl','2023-05-18 19:54:16','2023-05-18 19:56:05'),(263,3,'sl','2023-05-18 19:56:17','2023-05-18 19:58:04'),(264,3,'sl','2023-05-18 19:58:27','2023-05-18 19:59:08'),(265,3,'sl','2023-05-19 00:23:09','2023-05-19 00:26:25'),(266,3,'sl','2023-05-19 00:27:28','2023-05-19 00:28:45'),(267,5,'sl','2023-05-19 00:39:35','2023-05-19 00:40:58'),(268,3,'sl','2023-05-19 00:45:53','2023-05-19 00:48:56'),(269,3,'sl','2023-05-19 00:53:44','2023-05-19 00:54:21'),(270,3,'sl','2023-05-19 00:55:57','2023-05-19 00:57:46'),(271,3,'sl','2023-05-19 01:01:18','2023-05-19 01:01:43'),(272,5,'sl','2023-05-19 01:05:15','2023-05-19 01:06:37'),(273,3,'sl','2023-05-19 01:12:31','2023-05-19 01:15:06'),(274,5,'sl','2023-05-19 01:52:56','2023-05-19 01:54:13'),(275,3,'sl','2023-05-19 01:55:43','2023-05-19 01:57:31'),(276,3,'sl','2023-05-19 01:57:39','2023-05-19 01:58:40'),(277,3,'sl','2023-05-19 01:59:37','2023-05-19 02:00:12'),(278,3,'sl','2023-05-19 02:00:53','2023-05-19 02:01:42'),(279,3,'sl','2023-05-19 02:05:55','2023-05-19 02:06:26'),(280,3,'sl','2023-05-19 02:07:58','2023-05-19 02:08:54'),(281,3,'sl','2023-05-19 02:09:23','2023-05-19 02:09:54'),(282,3,'sl','2023-05-19 02:10:37','2023-05-19 02:10:56'),(283,3,'sl','2023-05-19 02:12:12','2023-05-19 02:13:21'),(284,3,'sl','2023-05-19 02:13:27','2023-05-19 02:14:16'),(285,3,'sl','2023-05-19 02:21:37',NULL);
/*!40000 ALTER TABLE `conversation` ENABLE KEYS */;
UNLOCK TABLES;

--
-- Table structure for table `frequent_sentence`
--

DROP TABLE IF EXISTS `frequent_sentence`;
/*!40101 SET @saved_cs_client     = @@character_set_client */;
/*!50503 SET character_set_client = utf8mb4 */;
CREATE TABLE `frequent_sentence` (
  `frequent_seq` bigint NOT NULL AUTO_INCREMENT,
  `user_seq` bigint NOT NULL,
  `sentence` varchar(200) COLLATE utf8mb4_unicode_ci DEFAULT NULL COMMENT '  ',
  `reg_dtm` datetime NOT NULL DEFAULT CURRENT_TIMESTAMP COMMENT ' ',
  `mod_dtm` datetime NOT NULL DEFAULT CURRENT_TIMESTAMP COMMENT ' ',
  `del_yn` tinyint NOT NULL DEFAULT '0' COMMENT ' ',
  PRIMARY KEY (`frequent_seq`),
  KEY `user_seq` (`user_seq`),
  CONSTRAINT `frequent_sentence_ibfk_1` FOREIGN KEY (`user_seq`) REFERENCES `user` (`user_seq`)
) ENGINE=InnoDB AUTO_INCREMENT=41 DEFAULT CHARSET=utf8mb4 COLLATE=utf8mb4_unicode_ci;
/*!40101 SET character_set_client = @saved_cs_client */;

--
-- Dumping data for table `frequent_sentence`
--

LOCK TABLES `frequent_sentence` WRITE;
/*!40000 ALTER TABLE `frequent_sentence` DISABLE KEYS */;
INSERT INTO `frequent_sentence` VALUES (1,1,'잘 부탁드립니다','2023-05-14 14:54:55','2023-05-14 14:54:55',0),(2,1,'좋은 아침입니다. 화이팅하세요.','2023-05-18 01:47:37','2023-05-18 01:47:37',0),(3,1,'응 밥먹었어','2023-05-18 07:17:00','2023-05-19 01:18:40',1),(4,5,'ddd','2023-05-18 12:06:26','2023-05-18 12:39:28',1),(5,5,'아닙니다.','2023-05-18 12:08:24','2023-05-18 13:17:33',1),(6,5,'아빈디아.','2023-05-18 12:09:57','2023-05-18 13:28:01',1),(7,5,'iiii','2023-05-18 12:20:25','2023-05-18 12:39:31',1),(8,5,'ㄴㅇㄹ','2023-05-18 12:21:22','2023-05-18 13:33:51',1),(9,5,'허ㅓㅎ','2023-05-18 12:21:43','2023-05-18 13:33:53',1),(10,5,'허허','2023-05-18 12:23:43','2023-05-18 13:33:55',1),(11,5,'아아','2023-05-18 12:24:13','2023-05-18 12:31:33',1),(12,5,'gksl','2023-05-18 12:31:41','2023-05-18 12:33:30',1),(13,5,'dddd','2023-05-18 12:35:37','2023-05-18 12:39:24',1),(14,5,'안녕하세요?','2023-05-18 12:39:18','2023-05-18 13:01:46',1),(15,3,'살려줘','2023-05-18 12:42:51','2023-05-18 12:42:51',0),(16,5,'아니요?','2023-05-18 13:12:54','2023-05-18 13:13:00',1),(17,5,'아닙니다','2023-05-18 13:17:42','2023-05-18 13:33:57',1),(18,5,'그럽스빈다','2023-05-18 13:17:47','2023-05-18 13:33:59',1),(19,5,'gkdkdkdk','2023-05-18 13:28:41','2023-05-19 00:42:35',1),(20,5,'하이','2023-05-18 13:28:44','2023-05-19 00:42:34',1),(21,5,'ㅁㄹㅁㄴㅇㄹ','2023-05-18 13:33:17','2023-05-18 13:40:29',1),(22,5,'ㅇㅇㅇ','2023-05-18 13:33:20','2023-05-18 13:34:09',1),(23,5,'ㅇㅁㅇㄴㅁㄴㅇㄹㅁㄴㄹ','2023-05-18 13:33:24','2023-05-18 13:40:21',1),(24,5,'ㅇㄹㅁㄴㄹㅁㄴㄹ','2023-05-18 13:34:04','2023-05-18 13:34:06',1),(25,3,'dfrf','2023-05-18 13:39:02','2023-05-18 13:39:08',1),(26,3,'gjgjg','2023-05-18 13:39:15','2023-05-19 00:49:23',1),(27,5,'dkdkdkdkd','2023-05-18 13:40:26','2023-05-19 00:42:32',1),(28,5,'ssss','2023-05-18 13:41:09','2023-05-19 00:42:31',1),(29,5,'dfkasdlfasldfkj','2023-05-18 13:41:13','2023-05-18 13:41:18',1),(30,5,'dfasdas','2023-05-18 13:41:21','2023-05-18 13:41:24',1),(31,3,'추가합니다!','2023-05-19 00:49:29','2023-05-19 00:49:29',0),(32,5,'바쁘신데 시간 내 주셔서 감사합니다.','2023-05-19 01:18:02','2023-05-19 01:18:02',0),(33,1,'저녁 메뉴 추천좀~','2023-05-19 01:18:24','2023-05-19 01:18:24',0),(34,5,'점심 뭐 드셨어요?','2023-05-19 01:18:25','2023-05-19 01:18:43',1),(35,1,'식사는 하셨어요?','2023-05-19 01:18:38','2023-05-19 01:18:38',0),(36,5,'식사는 하셨나요?','2023-05-19 01:18:40','2023-05-19 01:18:40',0),(37,1,'감사합니다!','2023-05-19 01:18:59','2023-05-19 01:18:59',0),(38,5,'그럼 다음 미팅 날짜는 언제로 잡을까요?','2023-05-19 01:19:01','2023-05-19 01:19:01',0),(39,5,'6반 모두 고생 많으셨습니다 ♡','2023-05-19 01:20:20','2023-05-19 01:20:20',0),(40,1,'자율 수고하셨습니다!!','2023-05-19 01:42:00','2023-05-19 01:42:00',0);
/*!40000 ALTER TABLE `frequent_sentence` ENABLE KEYS */;
UNLOCK TABLES;

--
-- Table structure for table `keyword`
--

DROP TABLE IF EXISTS `keyword`;
/*!40101 SET @saved_cs_client     = @@character_set_client */;
/*!50503 SET character_set_client = utf8mb4 */;
CREATE TABLE `keyword` (
  `keyword_seq` bigint NOT NULL AUTO_INCREMENT,
  `keyword` varchar(100) COLLATE utf8mb4_unicode_ci NOT NULL COMMENT ' ',
  PRIMARY KEY (`keyword_seq`)
) ENGINE=InnoDB DEFAULT CHARSET=utf8mb4 COLLATE=utf8mb4_unicode_ci;
/*!40101 SET character_set_client = @saved_cs_client */;

--
-- Dumping data for table `keyword`
--

LOCK TABLES `keyword` WRITE;
/*!40000 ALTER TABLE `keyword` DISABLE KEYS */;
/*!40000 ALTER TABLE `keyword` ENABLE KEYS */;
UNLOCK TABLES;

--
-- Table structure for table `keyword_sentence`
--

DROP TABLE IF EXISTS `keyword_sentence`;
/*!40101 SET @saved_cs_client     = @@character_set_client */;
/*!50503 SET character_set_client = utf8mb4 */;
CREATE TABLE `keyword_sentence` (
  `sentence_seq` bigint NOT NULL AUTO_INCREMENT,
  `keyword_seq` bigint NOT NULL,
  `sentence` varchar(100) COLLATE utf8mb4_unicode_ci NOT NULL COMMENT ' ',
  PRIMARY KEY (`sentence_seq`),
  KEY `keyword_seq` (`keyword_seq`),
  CONSTRAINT `keyword_sentence_ibfk_1` FOREIGN KEY (`keyword_seq`) REFERENCES `keyword` (`keyword_seq`)
) ENGINE=InnoDB DEFAULT CHARSET=utf8mb4 COLLATE=utf8mb4_unicode_ci;
/*!40101 SET character_set_client = @saved_cs_client */;

--
-- Dumping data for table `keyword_sentence`
--

LOCK TABLES `keyword_sentence` WRITE;
/*!40000 ALTER TABLE `keyword_sentence` DISABLE KEYS */;
/*!40000 ALTER TABLE `keyword_sentence` ENABLE KEYS */;
UNLOCK TABLES;

--
-- Table structure for table `memo`
--

DROP TABLE IF EXISTS `memo`;
/*!40101 SET @saved_cs_client     = @@character_set_client */;
/*!50503 SET character_set_client = utf8mb4 */;
CREATE TABLE `memo` (
  `memo_seq` bigint NOT NULL AUTO_INCREMENT,
  `record_seq` bigint NOT NULL,
  `conversation_seq` bigint NOT NULL,
  `user_seq` bigint NOT NULL,
  `content` varchar(500) COLLATE utf8mb4_unicode_ci NOT NULL COMMENT ' ',
  `timestamp` bigint NOT NULL COMMENT '  (ms)',
  `reg_dtm` datetime NOT NULL DEFAULT CURRENT_TIMESTAMP COMMENT ' ',
  `mod_dtm` datetime NOT NULL DEFAULT CURRENT_TIMESTAMP COMMENT ' ',
  `del_yn` tinyint NOT NULL DEFAULT '0' COMMENT ' ',
  PRIMARY KEY (`memo_seq`),
  KEY `record_seq` (`record_seq`),
  KEY `conversation_seq` (`conversation_seq`),
  KEY `user_seq` (`user_seq`),
  CONSTRAINT `memo_ibfk_1` FOREIGN KEY (`record_seq`) REFERENCES `record` (`record_seq`),
  CONSTRAINT `memo_ibfk_2` FOREIGN KEY (`conversation_seq`) REFERENCES `conversation` (`conversation_seq`),
  CONSTRAINT `memo_ibfk_3` FOREIGN KEY (`user_seq`) REFERENCES `user` (`user_seq`)
) ENGINE=InnoDB AUTO_INCREMENT=36 DEFAULT CHARSET=utf8mb4 COLLATE=utf8mb4_unicode_ci;
/*!40101 SET character_set_client = @saved_cs_client */;

--
-- Dumping data for table `memo`
--

LOCK TABLES `memo` WRITE;
/*!40000 ALTER TABLE `memo` DISABLE KEYS */;
INSERT INTO `memo` VALUES (1,37,91,3,'네, 안녕하세여1 ',6,'2023-05-16 05:12:29','2023-05-16 05:12:29',0),(2,37,91,3,'잘 지내세여!? ',9,'2023-05-16 05:12:29','2023-05-16 05:12:29',0),(3,38,92,3,'옼ㅋ케이',25,'2023-05-16 06:45:32','2023-05-16 06:45:32',0),(4,39,93,3,'아직 안됨!',8,'2023-05-16 07:44:47','2023-05-16 07:44:47',0),(5,40,94,3,'주요 질문 유형별 의도 파악\n1. 자기소개 \n2. 지원동기\n3. 인성\n4. 경험 및 역량 \n5. 회사생활 및 직업관\n6. 이력사항 질문 ',58,'2023-05-16 08:12:11','2023-05-16 08:12:11',0),(6,41,95,3,'네 알겠습니다',30,'2023-05-16 08:31:36','2023-05-16 12:59:44',1),(7,41,95,3,'어떤데!',31,'2023-05-16 08:31:36','2023-05-16 13:00:32',1),(8,41,95,3,'좋은데? 좋은데?',34,'2023-05-16 08:31:36','2023-05-17 03:38:29',1),(9,42,96,3,'어떤데!',9,'2023-05-16 13:05:32','2023-05-16 13:05:32',0),(10,42,96,3,'어떤데!!! ',11,'2023-05-16 13:05:32','2023-05-16 13:05:50',1),(11,43,103,3,'오케이',9,'2023-05-17 01:20:23','2023-05-17 01:20:23',0),(12,43,103,3,'만료',11,'2023-05-17 01:20:23','2023-05-17 01:20:33',1),(13,54,138,3,'어떤데요! ',15,'2023-05-17 05:15:52','2023-05-17 05:15:52',0),(14,55,139,3,'어떤데요! ',15,'2023-05-17 05:19:59','2023-05-17 06:18:31',1),(15,55,139,3,'알겠습니다! ',107,'2023-05-17 05:19:59','2023-05-17 05:19:59',0),(16,55,139,3,'화이팅! ',108,'2023-05-17 05:19:59','2023-05-17 05:19:59',0),(17,55,139,3,'어떤데!! ',109,'2023-05-17 05:19:59','2023-05-17 05:19:59',0),(18,58,142,3,'ㅋㅋㅋ',14,'2023-05-17 07:10:26','2023-05-17 07:33:05',1),(19,59,143,3,'몰루',29,'2023-05-17 08:47:37','2023-05-17 08:47:37',0),(20,74,165,3,'됩니다!?',6,'2023-05-17 13:14:25','2023-05-17 13:14:25',0),(21,75,166,3,'호잉',11,'2023-05-17 13:15:34','2023-05-17 13:15:34',0),(22,76,167,3,'가야되는구나 ',13,'2023-05-17 13:23:50','2023-05-17 13:23:50',0),(23,113,225,3,'망실망실',92,'2023-05-18 11:40:11','2023-05-18 11:40:11',0),(24,138,260,3,'오 된느데 ?',11,'2023-05-18 19:53:03','2023-05-18 19:53:03',0),(25,138,260,3,'되는데 ?!',13,'2023-05-18 19:53:03','2023-05-18 19:53:03',0),(26,139,261,5,'안대',5,'2023-05-18 19:53:19','2023-05-18 19:53:19',0),(27,139,261,5,'오옹',8,'2023-05-18 19:53:19','2023-05-18 19:53:37',1),(28,140,262,3,'오 된느데 ?',11,'2023-05-18 19:56:09','2023-05-18 19:56:09',0),(29,140,262,3,'되는데 ?!',13,'2023-05-18 19:56:09','2023-05-18 19:56:09',0),(30,141,263,3,'오 된느데 ?',11,'2023-05-18 19:58:07','2023-05-18 19:58:07',0),(31,141,263,3,'되는데 ?!',13,'2023-05-18 19:58:07','2023-05-18 19:58:07',0),(32,146,270,3,'굳',39,'2023-05-19 00:57:48','2023-05-19 00:57:48',0),(33,149,273,3,'ㅋㅋㅋ',137,'2023-05-19 01:15:11','2023-05-19 01:17:27',1),(34,149,273,3,'ㅋㅋㅋㅋ',145,'2023-05-19 01:15:11','2023-05-19 01:17:28',1),(35,150,274,5,'점심 먹기',71,'2023-05-19 01:54:16','2023-05-19 01:54:16',0);
/*!40000 ALTER TABLE `memo` ENABLE KEYS */;
UNLOCK TABLES;

--
-- Table structure for table `record`
--

DROP TABLE IF EXISTS `record`;
/*!40101 SET @saved_cs_client     = @@character_set_client */;
/*!50503 SET character_set_client = utf8mb4 */;
CREATE TABLE `record` (
  `record_seq` bigint NOT NULL AUTO_INCREMENT,
  `conversation_seq` bigint NOT NULL,
  `user_seq` bigint NOT NULL,
  `title` varchar(100) COLLATE utf8mb4_unicode_ci NOT NULL COMMENT ' ',
  `recorded_file` varchar(500) COLLATE utf8mb4_unicode_ci DEFAULT NULL COMMENT 's3  ',
  `clova_file` varchar(500) COLLATE utf8mb4_unicode_ci DEFAULT NULL COMMENT 's3  ',
  `is_favorite` tinyint NOT NULL DEFAULT '0' COMMENT ' ',
  `mod_dtm` datetime NOT NULL DEFAULT CURRENT_TIMESTAMP COMMENT ' ',
  `del_yn` tinyint NOT NULL DEFAULT '0' COMMENT ' ',
  `recoreded_file` varchar(500) COLLATE utf8mb4_unicode_ci DEFAULT NULL,
  PRIMARY KEY (`record_seq`),
  KEY `conversation_seq` (`conversation_seq`),
  KEY `user_seq` (`user_seq`),
  CONSTRAINT `record_ibfk_1` FOREIGN KEY (`conversation_seq`) REFERENCES `conversation` (`conversation_seq`),
  CONSTRAINT `record_ibfk_2` FOREIGN KEY (`user_seq`) REFERENCES `user` (`user_seq`)
) ENGINE=InnoDB AUTO_INCREMENT=158 DEFAULT CHARSET=utf8mb4 COLLATE=utf8mb4_unicode_ci;
/*!40101 SET character_set_client = @saved_cs_client */;

--
-- Dumping data for table `record`
--

LOCK TABLES `record` WRITE;
/*!40000 ALTER TABLE `record` DISABLE KEYS */;
INSERT INTO `record` VALUES (30,73,3,'2023.05.16 02:04:36',NULL,'https://hearobucket.s3.ap-northeast-2.amazonaws.com/teamsiksik2%40gmail.com/73/output/2023.05.16%2002%3A04%3A36.json',0,'2023-05-16 06:42:25',1,'https://hearobucket.s3.ap-northeast-2.amazonaws.com/teamsiksik2%40gmail.com/73/input/2023.05.16%2002%3A04%3A36.wav'),(31,74,3,'2023.05.16 02:13:03',NULL,'https://hearobucket.s3.ap-northeast-2.amazonaws.com/teamsiksik2%40gmail.com/74/output/2023.05.16%2002%3A13%3A03.json',0,'2023-05-16 06:41:16',1,'https://hearobucket.s3.ap-northeast-2.amazonaws.com/teamsiksik2%40gmail.com/74/input/2023.05.16%2002%3A13%3A03.wav'),(32,75,3,'2023.05.16 02:14:28',NULL,'https://hearobucket.s3.ap-northeast-2.amazonaws.com/teamsiksik2%40gmail.com/75/output/2023.05.16%2002%3A14%3A28.json',0,'2023-05-16 08:08:55',1,'https://hearobucket.s3.ap-northeast-2.amazonaws.com/teamsiksik2%40gmail.com/75/input/2023.05.16%2002%3A14%3A28.wav'),(33,76,3,'2023.05.16 02:16:28',NULL,'https://hearobucket.s3.ap-northeast-2.amazonaws.com/teamsiksik2%40gmail.com/76/output/2023.05.16%2002%3A16%3A28.json',0,'2023-05-16 06:30:07',1,'https://hearobucket.s3.ap-northeast-2.amazonaws.com/teamsiksik2%40gmail.com/76/input/2023.05.16%2002%3A16%3A28.wav'),(34,81,3,'2023.05.16 03:33:59',NULL,'https://hearobucket.s3.ap-northeast-2.amazonaws.com/teamsiksik2%40gmail.com/81/output/2023.05.16%2003%3A33%3A59.json',0,'2023-05-16 06:44:15',1,'https://hearobucket.s3.ap-northeast-2.amazonaws.com/teamsiksik2%40gmail.com/81/input/2023.05.16%2003%3A33%3A59.wav'),(35,82,3,'2023.05.16 03:52:23',NULL,'https://hearobucket.s3.ap-northeast-2.amazonaws.com/teamsiksik2%40gmail.com/82/output/2023.05.16%2003%3A52%3A23.json',0,'2023-05-16 06:38:20',1,'https://hearobucket.s3.ap-northeast-2.amazonaws.com/teamsiksik2%40gmail.com/82/input/2023.05.16%2003%3A52%3A23.wav'),(36,83,3,'2023.05.16 04:08:54',NULL,'https://hearobucket.s3.ap-northeast-2.amazonaws.com/teamsiksik2%40gmail.com/83/output/2023.05.16%2004%3A08%3A54.json',0,'2023-05-16 06:32:46',1,'https://hearobucket.s3.ap-northeast-2.amazonaws.com/teamsiksik2%40gmail.com/83/input/2023.05.16%2004%3A08%3A54.wav'),(37,91,3,'2023.05.16 05:12:16',NULL,'https://hearobucket.s3.ap-northeast-2.amazonaws.com/teamsiksik2%40gmail.com/91/output/2023.05.16%2005%3A12%3A16.json',0,'2023-05-16 06:30:24',1,'https://hearobucket.s3.ap-northeast-2.amazonaws.com/teamsiksik2%40gmail.com/91/input/2023.05.16%2005%3A12%3A16.wav'),(38,92,3,'2023.05.16 06:45:01',NULL,'https://hearobucket.s3.ap-northeast-2.amazonaws.com/teamsiksik2%40gmail.com/92/output/2023.05.16%2006%3A45%3A01.json',0,'2023-05-17 03:38:48',1,'https://hearobucket.s3.ap-northeast-2.amazonaws.com/teamsiksik2%40gmail.com/92/input/2023.05.16%2006%3A45%3A01.wav'),(39,93,3,'2023.05.16 07:44:31',NULL,'https://hearobucket.s3.ap-northeast-2.amazonaws.com/teamsiksik2%40gmail.com/93/output/2023.05.16%2007%3A44%3A31.json',0,'2023-05-17 01:21:36',1,'https://hearobucket.s3.ap-northeast-2.amazonaws.com/teamsiksik2%40gmail.com/93/input/2023.05.16%2007%3A44%3A31.wav'),(40,94,3,'2023.05.16 08:10:44',NULL,'https://hearobucket.s3.ap-northeast-2.amazonaws.com/teamsiksik2%40gmail.com/94/output/2023.05.16%2008%3A10%3A44.json',0,'2023-05-16 08:13:02',1,'https://hearobucket.s3.ap-northeast-2.amazonaws.com/teamsiksik2%40gmail.com/94/input/2023.05.16%2008%3A10%3A44.wav'),(41,95,3,'hello, ssafy',NULL,'https://hearobucket.s3.ap-northeast-2.amazonaws.com/teamsiksik2%40gmail.com/95/output/2023.05.16%2008%3A30%3A54.json',0,'2023-05-16 12:17:38',0,'https://hearobucket.s3.ap-northeast-2.amazonaws.com/teamsiksik2%40gmail.com/95/input/2023.05.16%2008%3A30%3A54.wav'),(42,96,3,'내맴속에 저장',NULL,'https://hearobucket.s3.ap-northeast-2.amazonaws.com/teamsiksik2%40gmail.com/96/output/2023.05.16%2013%3A05%3A09.json',0,'2023-05-17 01:21:08',0,'https://hearobucket.s3.ap-northeast-2.amazonaws.com/teamsiksik2%40gmail.com/96/input/2023.05.16%2013%3A05%3A09.wav'),(43,103,3,'저장',NULL,'https://hearobucket.s3.ap-northeast-2.amazonaws.com/teamsiksik2%40gmail.com/103/output/2023.05.17%2001%3A20%3A04.json',0,'2023-05-17 01:21:00',1,'https://hearobucket.s3.ap-northeast-2.amazonaws.com/teamsiksik2%40gmail.com/103/input/2023.05.17%2001%3A20%3A04.wav'),(44,106,3,'2023.05.17 02:49:49',NULL,'https://hearobucket.s3.ap-northeast-2.amazonaws.com/teamsiksik2%40gmail.com/106/output/2023.05.17%2002%3A49%3A49.json',0,'2023-05-17 02:50:01',0,'https://hearobucket.s3.ap-northeast-2.amazonaws.com/teamsiksik2%40gmail.com/106/input/2023.05.17%2002%3A49%3A49.wav'),(45,108,3,'2023.05.17 03:16:34',NULL,'https://hearobucket.s3.ap-northeast-2.amazonaws.com/teamsiksik2%40gmail.com/108/output/2023.05.17%2003%3A16%3A34.json',0,'2023-05-17 03:16:43',0,'https://hearobucket.s3.ap-northeast-2.amazonaws.com/teamsiksik2%40gmail.com/108/input/2023.05.17%2003%3A16%3A34.wav'),(46,125,3,'2023.05.17 04:29:27',NULL,'https://hearobucket.s3.ap-northeast-2.amazonaws.com/teamsiksik2%40gmail.com/125/output/2023.05.17%2004%3A29%3A27.json',0,'2023-05-17 04:29:37',0,'https://hearobucket.s3.ap-northeast-2.amazonaws.com/teamsiksik2%40gmail.com/125/input/2023.05.17%2004%3A29%3A27.wav'),(47,126,3,'2023.05.17 04:33:15',NULL,'https://hearobucket.s3.ap-northeast-2.amazonaws.com/teamsiksik2%40gmail.com/126/output/2023.05.17%2004%3A33%3A15.json',0,'2023-05-17 04:39:56',1,'https://hearobucket.s3.ap-northeast-2.amazonaws.com/teamsiksik2%40gmail.com/126/input/2023.05.17%2004%3A33%3A15.wav'),(48,128,3,'2023.05.17 04:39:16',NULL,'https://hearobucket.s3.ap-northeast-2.amazonaws.com/teamsiksik2%40gmail.com/128/output/2023.05.17%2004%3A39%3A16.json',0,'2023-05-17 04:39:43',0,'https://hearobucket.s3.ap-northeast-2.amazonaws.com/teamsiksik2%40gmail.com/128/input/2023.05.17%2004%3A39%3A16.wav'),(49,129,3,'2023.05.17 04:41:20',NULL,'https://hearobucket.s3.ap-northeast-2.amazonaws.com/teamsiksik2%40gmail.com/129/output/2023.05.17%2004%3A41%3A20.json',0,'2023-05-17 04:41:40',1,'https://hearobucket.s3.ap-northeast-2.amazonaws.com/teamsiksik2%40gmail.com/129/input/2023.05.17%2004%3A41%3A20.wav'),(50,132,3,'아오~',NULL,'https://hearobucket.s3.ap-northeast-2.amazonaws.com/teamsiksik2%40gmail.com/132/output/2023.05.17%2004%3A44%3A58.json',0,'2023-05-17 04:45:10',0,'https://hearobucket.s3.ap-northeast-2.amazonaws.com/teamsiksik2%40gmail.com/132/input/2023.05.17%2004%3A44%3A58.wav'),(51,133,3,'2023.05.17 04:45:35',NULL,'https://hearobucket.s3.ap-northeast-2.amazonaws.com/teamsiksik2%40gmail.com/133/output/2023.05.17%2004%3A45%3A35.json',0,'2023-05-17 08:49:42',1,'https://hearobucket.s3.ap-northeast-2.amazonaws.com/teamsiksik2%40gmail.com/133/input/2023.05.17%2004%3A45%3A35.wav'),(52,136,3,'2023.05.17 05:07:46',NULL,'https://hearobucket.s3.ap-northeast-2.amazonaws.com/teamsiksik2%40gmail.com/136/output/2023.05.17%2005%3A07%3A46.json',0,'2023-05-17 05:08:16',0,'https://hearobucket.s3.ap-northeast-2.amazonaws.com/teamsiksik2%40gmail.com/136/input/2023.05.17%2005%3A07%3A46.wav'),(53,137,3,'2023.05.17 05:12:25',NULL,'https://hearobucket.s3.ap-northeast-2.amazonaws.com/teamsiksik2%40gmail.com/137/output/2023.05.17%2005%3A12%3A25.json',0,'2023-05-17 05:12:36',0,'https://hearobucket.s3.ap-northeast-2.amazonaws.com/teamsiksik2%40gmail.com/137/input/2023.05.17%2005%3A12%3A25.wav'),(54,138,3,'2023.05.17 05:15:31',NULL,'https://hearobucket.s3.ap-northeast-2.amazonaws.com/teamsiksik2%40gmail.com/138/output/2023.05.17%2005%3A15%3A31.json',0,'2023-05-17 05:15:52',0,'https://hearobucket.s3.ap-northeast-2.amazonaws.com/teamsiksik2%40gmail.com/138/input/2023.05.17%2005%3A15%3A31.wav'),(55,139,3,'2023.05.17 05:18:03',NULL,'https://hearobucket.s3.ap-northeast-2.amazonaws.com/teamsiksik2%40gmail.com/139/output/2023.05.17%2005%3A18%3A03.json',0,'2023-05-17 05:19:59',0,'https://hearobucket.s3.ap-northeast-2.amazonaws.com/teamsiksik2%40gmail.com/139/input/2023.05.17%2005%3A18%3A03.wav'),(56,140,3,'2023.05.17 05:25:40',NULL,'https://hearobucket.s3.ap-northeast-2.amazonaws.com/teamsiksik2%40gmail.com/140/output/2023.05.17%2005%3A25%3A40.json',0,'2023-05-17 05:26:13',0,'https://hearobucket.s3.ap-northeast-2.amazonaws.com/teamsiksik2%40gmail.com/140/input/2023.05.17%2005%3A25%3A40.wav'),(57,141,3,'2023.05.17 07:06:26',NULL,'https://hearobucket.s3.ap-northeast-2.amazonaws.com/teamsiksik2%40gmail.com/141/output/2023.05.17%2007%3A06%3A26.json',0,'2023-05-17 07:33:10',1,'https://hearobucket.s3.ap-northeast-2.amazonaws.com/teamsiksik2%40gmail.com/141/input/2023.05.17%2007%3A06%3A26.wav'),(58,142,3,'2023.05.17 07:07:53',NULL,'https://hearobucket.s3.ap-northeast-2.amazonaws.com/teamsiksik2%40gmail.com/142/output/2023.05.17%2007%3A07%3A53.json',0,'2023-05-17 07:33:07',1,'https://hearobucket.s3.ap-northeast-2.amazonaws.com/teamsiksik2%40gmail.com/142/input/2023.05.17%2007%3A07%3A53.wav'),(59,143,3,'어떤데!',NULL,'https://hearobucket.s3.ap-northeast-2.amazonaws.com/teamsiksik2%40gmail.com/143/output/2023.05.17%2008%3A47%3A03.json',0,'2023-05-17 08:48:11',0,'https://hearobucket.s3.ap-northeast-2.amazonaws.com/teamsiksik2%40gmail.com/143/input/2023.05.17%2008%3A47%3A03.wav'),(60,144,3,'2023.05.17 12:16:35',NULL,'https://hearobucket.s3.ap-northeast-2.amazonaws.com/teamsiksik2%40gmail.com/144/output/2023.05.17%2012%3A16%3A35.json',0,'2023-05-17 12:16:46',0,'https://hearobucket.s3.ap-northeast-2.amazonaws.com/teamsiksik2%40gmail.com/144/input/2023.05.17%2012%3A16%3A35.wav'),(61,145,3,'2023.05.17 12:17:32',NULL,'https://hearobucket.s3.ap-northeast-2.amazonaws.com/teamsiksik2%40gmail.com/145/output/2023.05.17%2012%3A17%3A32.json',0,'2023-05-17 12:18:05',0,'https://hearobucket.s3.ap-northeast-2.amazonaws.com/teamsiksik2%40gmail.com/145/input/2023.05.17%2012%3A17%3A32.wav'),(62,146,3,'2023.05.17 12:21:12',NULL,'https://hearobucket.s3.ap-northeast-2.amazonaws.com/teamsiksik2%40gmail.com/146/output/2023.05.17%2012%3A21%3A12.json',0,'2023-05-17 12:21:20',0,'https://hearobucket.s3.ap-northeast-2.amazonaws.com/teamsiksik2%40gmail.com/146/input/2023.05.17%2012%3A21%3A12.wav'),(63,147,3,'2023.05.17 12:22:06',NULL,'https://hearobucket.s3.ap-northeast-2.amazonaws.com/teamsiksik2%40gmail.com/147/output/2023.05.17%2012%3A22%3A06.json',0,'2023-05-17 12:22:14',0,'https://hearobucket.s3.ap-northeast-2.amazonaws.com/teamsiksik2%40gmail.com/147/input/2023.05.17%2012%3A22%3A06.wav'),(64,148,3,'2023.05.17 12:25:46',NULL,'https://hearobucket.s3.ap-northeast-2.amazonaws.com/teamsiksik2%40gmail.com/148/output/2023.05.17%2012%3A25%3A46.json',0,'2023-05-17 12:26:26',0,'https://hearobucket.s3.ap-northeast-2.amazonaws.com/teamsiksik2%40gmail.com/148/input/2023.05.17%2012%3A25%3A46.wav'),(65,149,3,'2023.05.17 12:28:10',NULL,'https://hearobucket.s3.ap-northeast-2.amazonaws.com/teamsiksik2%40gmail.com/149/output/2023.05.17%2012%3A28%3A10.json',0,'2023-05-17 12:28:38',0,'https://hearobucket.s3.ap-northeast-2.amazonaws.com/teamsiksik2%40gmail.com/149/input/2023.05.17%2012%3A28%3A10.wav'),(66,150,3,'2023.05.17 12:29:35',NULL,'https://hearobucket.s3.ap-northeast-2.amazonaws.com/teamsiksik2%40gmail.com/150/output/2023.05.17%2012%3A29%3A35.json',0,'2023-05-17 12:30:03',0,'https://hearobucket.s3.ap-northeast-2.amazonaws.com/teamsiksik2%40gmail.com/150/input/2023.05.17%2012%3A29%3A35.wav'),(67,151,3,'2023.05.17 12:30:50',NULL,'https://hearobucket.s3.ap-northeast-2.amazonaws.com/teamsiksik2%40gmail.com/151/output/2023.05.17%2012%3A30%3A50.json',0,'2023-05-17 12:31:51',0,'https://hearobucket.s3.ap-northeast-2.amazonaws.com/teamsiksik2%40gmail.com/151/input/2023.05.17%2012%3A30%3A50.wav'),(68,152,3,'2023.05.17 12:32:00',NULL,'https://hearobucket.s3.ap-northeast-2.amazonaws.com/teamsiksik2%40gmail.com/152/output/2023.05.17%2012%3A32%3A00.json',0,'2023-05-17 12:32:14',0,'https://hearobucket.s3.ap-northeast-2.amazonaws.com/teamsiksik2%40gmail.com/152/input/2023.05.17%2012%3A32%3A00.wav'),(69,160,3,'2023.05.17 12:43:41',NULL,'https://hearobucket.s3.ap-northeast-2.amazonaws.com/teamsiksik2%40gmail.com/160/output/2023.05.17%2012%3A43%3A41.json',0,'2023-05-17 12:44:35',0,'https://hearobucket.s3.ap-northeast-2.amazonaws.com/teamsiksik2%40gmail.com/160/input/2023.05.17%2012%3A43%3A41.wav'),(70,161,3,'2023.05.17 12:47:30',NULL,'https://hearobucket.s3.ap-northeast-2.amazonaws.com/teamsiksik2%40gmail.com/161/output/2023.05.17%2012%3A47%3A30.json',0,'2023-05-17 12:47:51',0,'https://hearobucket.s3.ap-northeast-2.amazonaws.com/teamsiksik2%40gmail.com/161/input/2023.05.17%2012%3A47%3A30.wav'),(71,162,3,'2023.05.17 12:51:29',NULL,'https://hearobucket.s3.ap-northeast-2.amazonaws.com/teamsiksik2%40gmail.com/162/output/2023.05.17%2012%3A51%3A29.json',0,'2023-05-17 12:51:37',0,'https://hearobucket.s3.ap-northeast-2.amazonaws.com/teamsiksik2%40gmail.com/162/input/2023.05.17%2012%3A51%3A29.wav'),(72,163,3,'2023.05.17 12:54:38',NULL,'https://hearobucket.s3.ap-northeast-2.amazonaws.com/teamsiksik2%40gmail.com/163/output/2023.05.17%2012%3A54%3A38.json',0,'2023-05-17 12:54:45',0,'https://hearobucket.s3.ap-northeast-2.amazonaws.com/teamsiksik2%40gmail.com/163/input/2023.05.17%2012%3A54%3A38.wav'),(73,164,3,'2023.05.17 12:56:37',NULL,'https://hearobucket.s3.ap-northeast-2.amazonaws.com/teamsiksik2%40gmail.com/164/output/2023.05.17%2012%3A56%3A37.json',0,'2023-05-17 12:56:42',0,'https://hearobucket.s3.ap-northeast-2.amazonaws.com/teamsiksik2%40gmail.com/164/input/2023.05.17%2012%3A56%3A37.wav'),(74,165,3,'2023.05.17 13:14:12',NULL,'https://hearobucket.s3.ap-northeast-2.amazonaws.com/teamsiksik2%40gmail.com/165/output/2023.05.17%2013%3A14%3A12.json',0,'2023-05-17 13:14:25',0,'https://hearobucket.s3.ap-northeast-2.amazonaws.com/teamsiksik2%40gmail.com/165/input/2023.05.17%2013%3A14%3A12.wav'),(75,166,3,'2023.05.17 13:15:18',NULL,'https://hearobucket.s3.ap-northeast-2.amazonaws.com/teamsiksik2%40gmail.com/166/output/2023.05.17%2013%3A15%3A18.json',0,'2023-05-17 13:15:34',0,'https://hearobucket.s3.ap-northeast-2.amazonaws.com/teamsiksik2%40gmail.com/166/input/2023.05.17%2013%3A15%3A18.wav'),(76,167,3,'2023.05.17 13:23:26',NULL,'https://hearobucket.s3.ap-northeast-2.amazonaws.com/teamsiksik2%40gmail.com/167/output/2023.05.17%2013%3A23%3A26.json',0,'2023-05-17 13:23:50',0,'https://hearobucket.s3.ap-northeast-2.amazonaws.com/teamsiksik2%40gmail.com/167/input/2023.05.17%2013%3A23%3A26.wav'),(77,173,3,'2023.05.18 02:16:13',NULL,'https://hearobucket.s3.ap-northeast-2.amazonaws.com/teamsiksik2%40gmail.com/173/output/2023.05.18%2002%3A16%3A13.json',0,'2023-05-18 02:16:31',0,'https://hearobucket.s3.ap-northeast-2.amazonaws.com/teamsiksik2%40gmail.com/173/input/2023.05.18%2002%3A16%3A13.wav'),(78,180,3,'2023.05.18 04:37:42',NULL,'https://hearobucket.s3.ap-northeast-2.amazonaws.com/teamsiksik2%40gmail.com/180/output/2023.05.18%2004%3A37%3A42.json',0,'2023-05-18 04:38:03',0,'https://hearobucket.s3.ap-northeast-2.amazonaws.com/teamsiksik2%40gmail.com/180/input/2023.05.18%2004%3A37%3A42.wav'),(79,181,3,'2023.05.18 04:38:41',NULL,'https://hearobucket.s3.ap-northeast-2.amazonaws.com/teamsiksik2%40gmail.com/181/output/2023.05.18%2004%3A38%3A41.json',0,'2023-05-18 05:25:27',1,'https://hearobucket.s3.ap-northeast-2.amazonaws.com/teamsiksik2%40gmail.com/181/input/2023.05.18%2004%3A38%3A41.wav'),(80,182,3,'2023.05.18 04:39:11',NULL,'https://hearobucket.s3.ap-northeast-2.amazonaws.com/teamsiksik2%40gmail.com/182/output/2023.05.18%2004%3A39%3A11.json',0,'2023-05-18 05:25:31',1,'https://hearobucket.s3.ap-northeast-2.amazonaws.com/teamsiksik2%40gmail.com/182/input/2023.05.18%2004%3A39%3A11.wav'),(81,183,3,'2023.05.18 05:01:40',NULL,'https://hearobucket.s3.ap-northeast-2.amazonaws.com/teamsiksik2%40gmail.com/183/output/2023.05.18%2005%3A01%3A40.json',0,'2023-05-18 05:01:53',0,'https://hearobucket.s3.ap-northeast-2.amazonaws.com/teamsiksik2%40gmail.com/183/input/2023.05.18%2005%3A01%3A40.wav'),(82,185,3,'2023.05.18 05:28:09',NULL,'https://hearobucket.s3.ap-northeast-2.amazonaws.com/teamsiksik2%40gmail.com/185/output/2023.05.18%2005%3A28%3A09.json',0,'2023-05-18 05:28:44',0,'https://hearobucket.s3.ap-northeast-2.amazonaws.com/teamsiksik2%40gmail.com/185/input/2023.05.18%2005%3A28%3A09.wav'),(83,189,3,'2023.05.18 05:49:04',NULL,'https://hearobucket.s3.ap-northeast-2.amazonaws.com/teamsiksik2%40gmail.com/189/output/2023.05.18%2005%3A49%3A04.json',0,'2023-05-18 05:49:12',0,'https://hearobucket.s3.ap-northeast-2.amazonaws.com/teamsiksik2%40gmail.com/189/input/2023.05.18%2005%3A49%3A04.wav'),(84,190,3,'2023.05.18 06:00:15',NULL,'https://hearobucket.s3.ap-northeast-2.amazonaws.com/teamsiksik2%40gmail.com/190/output/2023.05.18%2006%3A00%3A15.json',0,'2023-05-18 06:00:22',0,'https://hearobucket.s3.ap-northeast-2.amazonaws.com/teamsiksik2%40gmail.com/190/input/2023.05.18%2006%3A00%3A15.wav'),(85,191,3,'2023.05.18 06:01:15',NULL,'https://hearobucket.s3.ap-northeast-2.amazonaws.com/teamsiksik2%40gmail.com/191/output/2023.05.18%2006%3A01%3A15.json',0,'2023-05-18 06:01:32',0,'https://hearobucket.s3.ap-northeast-2.amazonaws.com/teamsiksik2%40gmail.com/191/input/2023.05.18%2006%3A01%3A15.wav'),(86,192,3,'2023.05.18 06:03:09',NULL,'https://hearobucket.s3.ap-northeast-2.amazonaws.com/teamsiksik2%40gmail.com/192/output/2023.05.18%2006%3A03%3A09.json',0,'2023-05-18 06:03:58',0,'https://hearobucket.s3.ap-northeast-2.amazonaws.com/teamsiksik2%40gmail.com/192/input/2023.05.18%2006%3A03%3A09.wav'),(87,196,3,'2023.05.18 06:19:18',NULL,'https://hearobucket.s3.ap-northeast-2.amazonaws.com/teamsiksik2%40gmail.com/196/output/2023.05.18%2006%3A19%3A18.json',0,'2023-05-18 06:19:45',0,'https://hearobucket.s3.ap-northeast-2.amazonaws.com/teamsiksik2%40gmail.com/196/input/2023.05.18%2006%3A19%3A18.wav'),(88,197,3,'2023.05.18 06:22:52',NULL,'https://hearobucket.s3.ap-northeast-2.amazonaws.com/teamsiksik2%40gmail.com/197/output/2023.05.18%2006%3A22%3A52.json',0,'2023-05-18 06:23:20',0,'https://hearobucket.s3.ap-northeast-2.amazonaws.com/teamsiksik2%40gmail.com/197/input/2023.05.18%2006%3A22%3A52.wav'),(89,198,3,'2023.05.18 06:26:35',NULL,'https://hearobucket.s3.ap-northeast-2.amazonaws.com/teamsiksik2%40gmail.com/198/output/2023.05.18%2006%3A26%3A35.json',0,'2023-05-18 08:00:47',1,'https://hearobucket.s3.ap-northeast-2.amazonaws.com/teamsiksik2%40gmail.com/198/input/2023.05.18%2006%3A26%3A35.wav'),(90,200,3,'2023.05.18 07:56:21',NULL,'https://hearobucket.s3.ap-northeast-2.amazonaws.com/teamsiksik2%40gmail.com/200/output/2023.05.18%2007%3A56%3A21.json',0,'2023-05-18 07:57:27',0,'https://hearobucket.s3.ap-northeast-2.amazonaws.com/teamsiksik2%40gmail.com/200/input/2023.05.18%2007%3A56%3A21.wav'),(91,201,3,'2023.05.18 07:57:48',NULL,'https://hearobucket.s3.ap-northeast-2.amazonaws.com/teamsiksik2%40gmail.com/201/output/2023.05.18%2007%3A57%3A48.json',0,'2023-05-18 08:00:31',1,'https://hearobucket.s3.ap-northeast-2.amazonaws.com/teamsiksik2%40gmail.com/201/input/2023.05.18%2007%3A57%3A48.wav'),(92,202,3,'2023.05.18 07:58:40',NULL,'https://hearobucket.s3.ap-northeast-2.amazonaws.com/teamsiksik2%40gmail.com/202/output/2023.05.18%2007%3A58%3A40.json',0,'2023-05-18 07:58:55',0,'https://hearobucket.s3.ap-northeast-2.amazonaws.com/teamsiksik2%40gmail.com/202/input/2023.05.18%2007%3A58%3A40.wav'),(93,203,3,'2023.05.18 07:59:10',NULL,'https://hearobucket.s3.ap-northeast-2.amazonaws.com/teamsiksik2%40gmail.com/203/output/2023.05.18%2007%3A59%3A10.json',0,'2023-05-18 08:00:16',1,'https://hearobucket.s3.ap-northeast-2.amazonaws.com/teamsiksik2%40gmail.com/203/input/2023.05.18%2007%3A59%3A10.wav'),(94,204,3,'2023.05.18 07:59:49',NULL,'https://hearobucket.s3.ap-northeast-2.amazonaws.com/teamsiksik2%40gmail.com/204/output/2023.05.18%2007%3A59%3A49.json',0,'2023-05-18 08:00:12',1,'https://hearobucket.s3.ap-northeast-2.amazonaws.com/teamsiksik2%40gmail.com/204/input/2023.05.18%2007%3A59%3A49.wav'),(95,205,3,'2023.05.18 08:01:31',NULL,'https://hearobucket.s3.ap-northeast-2.amazonaws.com/teamsiksik2%40gmail.com/205/output/2023.05.18%2008%3A01%3A31.json',0,'2023-05-18 08:02:05',0,'https://hearobucket.s3.ap-northeast-2.amazonaws.com/teamsiksik2%40gmail.com/205/input/2023.05.18%2008%3A01%3A31.wav'),(96,206,3,'2023.05.18 08:08:05',NULL,'https://hearobucket.s3.ap-northeast-2.amazonaws.com/teamsiksik2%40gmail.com/206/output/2023.05.18%2008%3A08%3A05.json',0,'2023-05-18 08:08:54',0,'https://hearobucket.s3.ap-northeast-2.amazonaws.com/teamsiksik2%40gmail.com/206/input/2023.05.18%2008%3A08%3A05.wav'),(97,207,3,'2023.05.18 08:10:17',NULL,'https://hearobucket.s3.ap-northeast-2.amazonaws.com/teamsiksik2%40gmail.com/207/output/2023.05.18%2008%3A10%3A17.json',0,'2023-05-18 08:10:33',0,'https://hearobucket.s3.ap-northeast-2.amazonaws.com/teamsiksik2%40gmail.com/207/input/2023.05.18%2008%3A10%3A17.wav'),(98,209,3,'2023.05.18 08:22:42',NULL,'https://hearobucket.s3.ap-northeast-2.amazonaws.com/teamsiksik2%40gmail.com/209/output/2023.05.18%2008%3A22%3A42.json',0,'2023-05-18 08:23:00',0,'https://hearobucket.s3.ap-northeast-2.amazonaws.com/teamsiksik2%40gmail.com/209/input/2023.05.18%2008%3A22%3A42.wav'),(99,210,3,'2023.05.18 08:23:51',NULL,'https://hearobucket.s3.ap-northeast-2.amazonaws.com/teamsiksik2%40gmail.com/210/output/2023.05.18%2008%3A23%3A51.json',0,'2023-05-18 08:25:19',0,'https://hearobucket.s3.ap-northeast-2.amazonaws.com/teamsiksik2%40gmail.com/210/input/2023.05.18%2008%3A23%3A51.wav'),(100,211,3,'2023.05.18 08:26:59',NULL,'https://hearobucket.s3.ap-northeast-2.amazonaws.com/teamsiksik2%40gmail.com/211/output/2023.05.18%2008%3A26%3A59.json',0,'2023-05-18 08:28:15',0,'https://hearobucket.s3.ap-northeast-2.amazonaws.com/teamsiksik2%40gmail.com/211/input/2023.05.18%2008%3A26%3A59.wav'),(101,212,5,'테스트',NULL,'https://hearobucket.s3.ap-northeast-2.amazonaws.com/nayeonkinn%40gmail.com/212/output/2023.05.18%2008%3A32%3A04.json',0,'2023-05-19 00:42:24',1,'https://hearobucket.s3.ap-northeast-2.amazonaws.com/nayeonkinn%40gmail.com/212/input/2023.05.18%2008%3A32%3A04.wav'),(102,213,3,'2023.05.18 08:43:18',NULL,'https://hearobucket.s3.ap-northeast-2.amazonaws.com/teamsiksik2%40gmail.com/213/output/2023.05.18%2008%3A43%3A18.json',0,'2023-05-18 12:05:15',1,'https://hearobucket.s3.ap-northeast-2.amazonaws.com/teamsiksik2%40gmail.com/213/input/2023.05.18%2008%3A43%3A18.wav'),(103,215,5,'2023.05.18 10:13:53',NULL,'https://hearobucket.s3.ap-northeast-2.amazonaws.com/nayeonkinn%40gmail.com/215/output/2023.05.18%2010%3A13%3A53.json',0,'2023-05-19 00:42:21',1,'https://hearobucket.s3.ap-northeast-2.amazonaws.com/nayeonkinn%40gmail.com/215/input/2023.05.18%2010%3A13%3A53.wav'),(104,216,5,'2023.05.18 10:16:07',NULL,'https://hearobucket.s3.ap-northeast-2.amazonaws.com/nayeonkinn%40gmail.com/216/output/2023.05.18%2010%3A16%3A07.json',0,'2023-05-19 00:42:23',1,'https://hearobucket.s3.ap-northeast-2.amazonaws.com/nayeonkinn%40gmail.com/216/input/2023.05.18%2010%3A16%3A07.wav'),(105,217,5,'2023.05.18 10:18:36',NULL,'https://hearobucket.s3.ap-northeast-2.amazonaws.com/nayeonkinn%40gmail.com/217/output/2023.05.18%2010%3A18%3A36.json',0,'2023-05-19 00:42:19',1,'https://hearobucket.s3.ap-northeast-2.amazonaws.com/nayeonkinn%40gmail.com/217/input/2023.05.18%2010%3A18%3A36.wav'),(106,218,5,'2023.05.18 10:26:58',NULL,'https://hearobucket.s3.ap-northeast-2.amazonaws.com/nayeonkinn%40gmail.com/218/output/2023.05.18%2010%3A26%3A58.json',0,'2023-05-19 00:42:17',1,'https://hearobucket.s3.ap-northeast-2.amazonaws.com/nayeonkinn%40gmail.com/218/input/2023.05.18%2010%3A26%3A58.wav'),(107,219,7,'2023.05.18 11:18:42',NULL,'https://hearobucket.s3.ap-northeast-2.amazonaws.com/gs20wow%40gmail.com/219/output/2023.05.18%2011%3A18%3A42.json',0,'2023-05-18 11:19:09',1,'https://hearobucket.s3.ap-northeast-2.amazonaws.com/gs20wow%40gmail.com/219/input/2023.05.18%2011%3A18%3A42.wav'),(108,220,7,'핫',NULL,'https://hearobucket.s3.ap-northeast-2.amazonaws.com/gs20wow%40gmail.com/220/output/2023.05.18%2011%3A20%3A17.json',0,'2023-05-18 11:20:46',0,'https://hearobucket.s3.ap-northeast-2.amazonaws.com/gs20wow%40gmail.com/220/input/2023.05.18%2011%3A20%3A17.wav'),(109,221,3,'2023.05.18 11:22:43',NULL,'https://hearobucket.s3.ap-northeast-2.amazonaws.com/teamsiksik2%40gmail.com/221/output/2023.05.18%2011%3A22%3A43.json',0,'2023-05-18 11:24:26',0,'https://hearobucket.s3.ap-northeast-2.amazonaws.com/teamsiksik2%40gmail.com/221/input/2023.05.18%2011%3A22%3A43.wav'),(110,222,3,'2023.05.18 11:28:01',NULL,'https://hearobucket.s3.ap-northeast-2.amazonaws.com/teamsiksik2%40gmail.com/222/output/2023.05.18%2011%3A28%3A01.json',0,'2023-05-18 11:29:23',0,'https://hearobucket.s3.ap-northeast-2.amazonaws.com/teamsiksik2%40gmail.com/222/input/2023.05.18%2011%3A28%3A01.wav'),(111,223,3,'2023.05.18 11:33:33',NULL,'https://hearobucket.s3.ap-northeast-2.amazonaws.com/teamsiksik2%40gmail.com/223/output/2023.05.18%2011%3A33%3A33.json',0,'2023-05-18 11:34:51',0,'https://hearobucket.s3.ap-northeast-2.amazonaws.com/teamsiksik2%40gmail.com/223/input/2023.05.18%2011%3A33%3A33.wav'),(112,224,3,'2023.05.18 11:35:44',NULL,'https://hearobucket.s3.ap-northeast-2.amazonaws.com/teamsiksik2%40gmail.com/224/output/2023.05.18%2011%3A35%3A44.json',0,'2023-05-18 11:37:05',0,'https://hearobucket.s3.ap-northeast-2.amazonaws.com/teamsiksik2%40gmail.com/224/input/2023.05.18%2011%3A35%3A44.wav'),(113,225,3,'2023.05.18 11:37:37의 대화',NULL,'https://hearobucket.s3.ap-northeast-2.amazonaws.com/teamsiksik2%40gmail.com/225/output/2023.05.18%2011%3A37%3A37.json',0,'2023-05-18 11:40:11',0,'https://hearobucket.s3.ap-northeast-2.amazonaws.com/teamsiksik2%40gmail.com/225/input/2023.05.18%2011%3A37%3A37.wav'),(114,226,3,'2023.05.18 11:40:17의 대화',NULL,'https://hearobucket.s3.ap-northeast-2.amazonaws.com/teamsiksik2%40gmail.com/226/output/2023.05.18%2011%3A40%3A17.json',0,'2023-05-18 11:41:04',0,'https://hearobucket.s3.ap-northeast-2.amazonaws.com/teamsiksik2%40gmail.com/226/input/2023.05.18%2011%3A40%3A17.wav'),(115,227,3,'2023.05.18 11:41:17의 대화',NULL,'https://hearobucket.s3.ap-northeast-2.amazonaws.com/teamsiksik2%40gmail.com/227/output/2023.05.18%2011%3A41%3A17.json',0,'2023-05-18 11:42:07',0,'https://hearobucket.s3.ap-northeast-2.amazonaws.com/teamsiksik2%40gmail.com/227/input/2023.05.18%2011%3A41%3A17.wav'),(116,228,3,'2023.05.18 11:47:10의 대화',NULL,'https://hearobucket.s3.ap-northeast-2.amazonaws.com/teamsiksik2%40gmail.com/228/output/2023.05.18%2011%3A47%3A10.json',0,'2023-05-18 11:47:43',0,'https://hearobucket.s3.ap-northeast-2.amazonaws.com/teamsiksik2%40gmail.com/228/input/2023.05.18%2011%3A47%3A10.wav'),(117,230,3,'2023.05.18 12:04:42의 대화',NULL,'https://hearobucket.s3.ap-northeast-2.amazonaws.com/teamsiksik2%40gmail.com/230/output/2023.05.18%2012%3A04%3A42.json',0,'2023-05-18 12:05:01',0,'https://hearobucket.s3.ap-northeast-2.amazonaws.com/teamsiksik2%40gmail.com/230/input/2023.05.18%2012%3A04%3A42.wav'),(118,232,3,'2023.05.18 12:18:06의 대화',NULL,'https://hearobucket.s3.ap-northeast-2.amazonaws.com/teamsiksik2%40gmail.com/232/output/2023.05.18%2012%3A18%3A06.json',0,'2023-05-18 12:18:35',0,'https://hearobucket.s3.ap-northeast-2.amazonaws.com/teamsiksik2%40gmail.com/232/input/2023.05.18%2012%3A18%3A06.wav'),(119,233,3,'2023.05.18 12:18:44의 대화',NULL,'https://hearobucket.s3.ap-northeast-2.amazonaws.com/teamsiksik2%40gmail.com/233/output/2023.05.18%2012%3A18%3A44.json',0,'2023-05-18 12:19:08',0,'https://hearobucket.s3.ap-northeast-2.amazonaws.com/teamsiksik2%40gmail.com/233/input/2023.05.18%2012%3A18%3A44.wav'),(120,235,3,'2023.05.18 12:39:58의 대화',NULL,'https://hearobucket.s3.ap-northeast-2.amazonaws.com/teamsiksik2%40gmail.com/235/output/2023.05.18%2012%3A39%3A58.json',0,'2023-05-18 12:40:19',0,'https://hearobucket.s3.ap-northeast-2.amazonaws.com/teamsiksik2%40gmail.com/235/input/2023.05.18%2012%3A39%3A58.wav'),(121,236,3,'2023.05.18 12:46:51의 대화',NULL,'https://hearobucket.s3.ap-northeast-2.amazonaws.com/teamsiksik2%40gmail.com/236/output/2023.05.18%2012%3A46%3A51.json',0,'2023-05-18 12:47:27',0,'https://hearobucket.s3.ap-northeast-2.amazonaws.com/teamsiksik2%40gmail.com/236/input/2023.05.18%2012%3A46%3A51.wav'),(122,237,3,'2023.05.18 12:54:11의 대화',NULL,'https://hearobucket.s3.ap-northeast-2.amazonaws.com/teamsiksik2%40gmail.com/237/output/2023.05.18%2012%3A54%3A11.json',0,'2023-05-18 12:54:36',0,'https://hearobucket.s3.ap-northeast-2.amazonaws.com/teamsiksik2%40gmail.com/237/input/2023.05.18%2012%3A54%3A11.wav'),(123,238,3,'2023.05.18 13:13:52의 대화',NULL,'https://hearobucket.s3.ap-northeast-2.amazonaws.com/teamsiksik2%40gmail.com/238/output/2023.05.18%2013%3A13%3A52.json',0,'2023-05-18 13:14:27',0,'https://hearobucket.s3.ap-northeast-2.amazonaws.com/teamsiksik2%40gmail.com/238/input/2023.05.18%2013%3A13%3A52.wav'),(124,239,3,'2023.05.18 13:16:47의 대화',NULL,'https://hearobucket.s3.ap-northeast-2.amazonaws.com/teamsiksik2%40gmail.com/239/output/2023.05.18%2013%3A16%3A47.json',0,'2023-05-18 13:17:17',0,'https://hearobucket.s3.ap-northeast-2.amazonaws.com/teamsiksik2%40gmail.com/239/input/2023.05.18%2013%3A16%3A47.wav'),(125,240,3,'2023.05.18 13:17:44의 대화',NULL,'https://hearobucket.s3.ap-northeast-2.amazonaws.com/teamsiksik2%40gmail.com/240/output/2023.05.18%2013%3A17%3A44.json',0,'2023-05-18 13:18:12',0,'https://hearobucket.s3.ap-northeast-2.amazonaws.com/teamsiksik2%40gmail.com/240/input/2023.05.18%2013%3A17%3A44.wav'),(126,241,3,'2023.05.18 13:19:23의 대화',NULL,'https://hearobucket.s3.ap-northeast-2.amazonaws.com/teamsiksik2%40gmail.com/241/output/2023.05.18%2013%3A19%3A23.json',0,'2023-05-19 00:49:10',1,'https://hearobucket.s3.ap-northeast-2.amazonaws.com/teamsiksik2%40gmail.com/241/input/2023.05.18%2013%3A19%3A23.wav'),(127,242,7,'2023.05.18 13:27:03의 대화',NULL,'https://hearobucket.s3.ap-northeast-2.amazonaws.com/gs20wow%40gmail.com/242/output/2023.05.18%2013%3A27%3A03.json',0,'2023-05-18 13:27:09',0,'https://hearobucket.s3.ap-northeast-2.amazonaws.com/gs20wow%40gmail.com/242/input/2023.05.18%2013%3A27%3A03.wav'),(128,243,7,'2023.05.18 13:28:15의 대화',NULL,'https://hearobucket.s3.ap-northeast-2.amazonaws.com/gs20wow%40gmail.com/243/output/2023.05.18%2013%3A28%3A15.json',0,'2023-05-18 13:28:37',0,'https://hearobucket.s3.ap-northeast-2.amazonaws.com/gs20wow%40gmail.com/243/input/2023.05.18%2013%3A28%3A15.wav'),(129,244,7,'2023.05.18 13:31:06의 대화',NULL,'https://hearobucket.s3.ap-northeast-2.amazonaws.com/gs20wow%40gmail.com/244/output/2023.05.18%2013%3A31%3A06.json',0,'2023-05-18 13:31:56',0,'https://hearobucket.s3.ap-northeast-2.amazonaws.com/gs20wow%40gmail.com/244/input/2023.05.18%2013%3A31%3A06.wav'),(130,245,7,'2023.05.18 13:32:46의 대화',NULL,'https://hearobucket.s3.ap-northeast-2.amazonaws.com/gs20wow%40gmail.com/245/output/2023.05.18%2013%3A32%3A46.json',0,'2023-05-18 13:33:14',0,'https://hearobucket.s3.ap-northeast-2.amazonaws.com/gs20wow%40gmail.com/245/input/2023.05.18%2013%3A32%3A46.wav'),(131,247,3,'2023.05.18 15:35:23의 대화',NULL,'https://hearobucket.s3.ap-northeast-2.amazonaws.com/teamsiksik2%40gmail.com/247/output/2023.05.18%2015%3A35%3A23.json',0,'2023-05-19 00:49:17',1,'https://hearobucket.s3.ap-northeast-2.amazonaws.com/teamsiksik2%40gmail.com/247/input/2023.05.18%2015%3A35%3A23.wav'),(132,249,7,'2023.05.18 16:19:22의 대화',NULL,'https://hearobucket.s3.ap-northeast-2.amazonaws.com/gs20wow%40gmail.com/249/output/2023.05.18%2016%3A19%3A22.json',0,'2023-05-18 16:21:05',1,'https://hearobucket.s3.ap-northeast-2.amazonaws.com/gs20wow%40gmail.com/249/input/2023.05.18%2016%3A19%3A22.wav'),(133,250,5,'2023.05.18 18:11:10의 대화',NULL,'https://hearobucket.s3.ap-northeast-2.amazonaws.com/nayeonkinn%40gmail.com/250/output/2023.05.18%2018%3A11%3A10.json',0,'2023-05-18 19:26:49',1,'https://hearobucket.s3.ap-northeast-2.amazonaws.com/nayeonkinn%40gmail.com/250/input/2023.05.18%2018%3A11%3A10.wav'),(134,251,5,'2023.05.18 18:12:07의 대화',NULL,'https://hearobucket.s3.ap-northeast-2.amazonaws.com/nayeonkinn%40gmail.com/251/output/2023.05.18%2018%3A12%3A07.json',0,'2023-05-19 00:42:15',1,'https://hearobucket.s3.ap-northeast-2.amazonaws.com/nayeonkinn%40gmail.com/251/input/2023.05.18%2018%3A12%3A07.wav'),(135,255,5,'2023.05.18 19:33:42의 대화',NULL,'https://hearobucket.s3.ap-northeast-2.amazonaws.com/nayeonkinn%40gmail.com/255/output/2023.05.18%2019%3A33%3A42.json',0,'2023-05-19 00:42:14',1,'https://hearobucket.s3.ap-northeast-2.amazonaws.com/nayeonkinn%40gmail.com/255/input/2023.05.18%2019%3A33%3A42.wav'),(136,258,3,'2023.05.18 19:43:50의 대화',NULL,'https://hearobucket.s3.ap-northeast-2.amazonaws.com/teamsiksik2%40gmail.com/258/output/2023.05.18%2019%3A43%3A50.json',0,'2023-05-18 19:44:18',0,'https://hearobucket.s3.ap-northeast-2.amazonaws.com/teamsiksik2%40gmail.com/258/input/2023.05.18%2019%3A43%3A50.wav'),(137,259,3,'2023.05.18 19:47:42의 대화',NULL,'https://hearobucket.s3.ap-northeast-2.amazonaws.com/teamsiksik2%40gmail.com/259/output/2023.05.18%2019%3A47%3A42.json',0,'2023-05-18 19:48:11',0,'https://hearobucket.s3.ap-northeast-2.amazonaws.com/teamsiksik2%40gmail.com/259/input/2023.05.18%2019%3A47%3A42.wav'),(138,260,3,'2023.05.18 19:52:20의 대화',NULL,'https://hearobucket.s3.ap-northeast-2.amazonaws.com/teamsiksik2%40gmail.com/260/output/2023.05.18%2019%3A52%3A20.json',0,'2023-05-18 19:53:03',0,'https://hearobucket.s3.ap-northeast-2.amazonaws.com/teamsiksik2%40gmail.com/260/input/2023.05.18%2019%3A52%3A20.wav'),(139,261,5,'2023.05.18 19:53:05의 대화',NULL,'https://hearobucket.s3.ap-northeast-2.amazonaws.com/nayeonkinn%40gmail.com/261/output/2023.05.18%2019%3A53%3A05.json',0,'2023-05-19 00:42:12',1,'https://hearobucket.s3.ap-northeast-2.amazonaws.com/nayeonkinn%40gmail.com/261/input/2023.05.18%2019%3A53%3A05.wav'),(140,262,3,'2023.05.18 19:54:16의 대화',NULL,'https://hearobucket.s3.ap-northeast-2.amazonaws.com/teamsiksik2%40gmail.com/262/output/2023.05.18%2019%3A54%3A16.json',0,'2023-05-18 19:56:09',0,'https://hearobucket.s3.ap-northeast-2.amazonaws.com/teamsiksik2%40gmail.com/262/input/2023.05.18%2019%3A54%3A16.wav'),(141,263,3,'2023.05.18 19:56:17의 대화',NULL,'https://hearobucket.s3.ap-northeast-2.amazonaws.com/teamsiksik2%40gmail.com/263/output/2023.05.18%2019%3A56%3A17.json',0,'2023-05-18 19:58:07',0,'https://hearobucket.s3.ap-northeast-2.amazonaws.com/teamsiksik2%40gmail.com/263/input/2023.05.18%2019%3A56%3A17.wav'),(142,266,3,'2023.05.19 00:27:28의 대화',NULL,'https://hearobucket.s3.ap-northeast-2.amazonaws.com/teamsiksik2%40gmail.com/266/output/2023.05.19%2000%3A27%3A28.json',0,'2023-05-19 00:28:49',0,'https://hearobucket.s3.ap-northeast-2.amazonaws.com/teamsiksik2%40gmail.com/266/input/2023.05.19%2000%3A27%3A28.wav'),(143,267,5,'2023.05.19 00:39:35의 대화',NULL,'https://hearobucket.s3.ap-northeast-2.amazonaws.com/nayeonkinn%40gmail.com/267/output/2023.05.19%2000%3A39%3A35.json',0,'2023-05-19 00:42:09',1,'https://hearobucket.s3.ap-northeast-2.amazonaws.com/nayeonkinn%40gmail.com/267/input/2023.05.19%2000%3A39%3A35.wav'),(144,268,3,'2023.05.19 00:45:53의 대화',NULL,'https://hearobucket.s3.ap-northeast-2.amazonaws.com/teamsiksik2%40gmail.com/268/output/2023.05.19%2000%3A45%3A53.json',0,'2023-05-19 00:49:01',0,'https://hearobucket.s3.ap-northeast-2.amazonaws.com/teamsiksik2%40gmail.com/268/input/2023.05.19%2000%3A45%3A53.wav'),(145,269,3,'2023.05.19 00:53:44의 대화',NULL,'https://hearobucket.s3.ap-northeast-2.amazonaws.com/teamsiksik2%40gmail.com/269/output/2023.05.19%2000%3A53%3A44.json',0,'2023-05-19 00:54:24',0,'https://hearobucket.s3.ap-northeast-2.amazonaws.com/teamsiksik2%40gmail.com/269/input/2023.05.19%2000%3A53%3A44.wav'),(146,270,3,'2023.05.19 00:55:57의 대화',NULL,'https://hearobucket.s3.ap-northeast-2.amazonaws.com/teamsiksik2%40gmail.com/270/output/2023.05.19%2000%3A55%3A57.json',0,'2023-05-19 00:57:48',0,'https://hearobucket.s3.ap-northeast-2.amazonaws.com/teamsiksik2%40gmail.com/270/input/2023.05.19%2000%3A55%3A57.wav'),(147,271,3,'2023.05.19 01:01:18의 대화',NULL,'https://hearobucket.s3.ap-northeast-2.amazonaws.com/teamsiksik2%40gmail.com/271/output/2023.05.19%2001%3A01%3A18.json',0,'2023-05-19 01:01:46',0,'https://hearobucket.s3.ap-northeast-2.amazonaws.com/teamsiksik2%40gmail.com/271/input/2023.05.19%2001%3A01%3A18.wav'),(148,272,5,'2023.05.19 01:05:15의 대화',NULL,'https://hearobucket.s3.ap-northeast-2.amazonaws.com/nayeonkinn%40gmail.com/272/output/2023.05.19%2001%3A05%3A15.json',0,'2023-05-19 01:06:41',0,'https://hearobucket.s3.ap-northeast-2.amazonaws.com/nayeonkinn%40gmail.com/272/input/2023.05.19%2001%3A05%3A15.wav'),(149,273,3,'2023.05.19 01:12:31의 대화',NULL,'https://hearobucket.s3.ap-northeast-2.amazonaws.com/teamsiksik2%40gmail.com/273/output/2023.05.19%2001%3A12%3A31.json',0,'2023-05-19 01:15:11',0,'https://hearobucket.s3.ap-northeast-2.amazonaws.com/teamsiksik2%40gmail.com/273/input/2023.05.19%2001%3A12%3A31.wav'),(150,274,5,'2023.05.19 01:52:56의 대화',NULL,'https://hearobucket.s3.ap-northeast-2.amazonaws.com/nayeonkinn%40gmail.com/274/output/2023.05.19%2001%3A52%3A56.json',0,'2023-05-19 01:54:16',0,'https://hearobucket.s3.ap-northeast-2.amazonaws.com/nayeonkinn%40gmail.com/274/input/2023.05.19%2001%3A52%3A56.wav'),(151,276,3,'2023.05.19 01:57:39의 대화',NULL,'https://hearobucket.s3.ap-northeast-2.amazonaws.com/teamsiksik2%40gmail.com/276/output/2023.05.19%2001%3A57%3A39.json',0,'2023-05-19 01:58:43',0,'https://hearobucket.s3.ap-northeast-2.amazonaws.com/teamsiksik2%40gmail.com/276/input/2023.05.19%2001%3A57%3A39.wav'),(152,277,3,'2023.05.19 01:59:37의 대화',NULL,'https://hearobucket.s3.ap-northeast-2.amazonaws.com/teamsiksik2%40gmail.com/277/output/2023.05.19%2001%3A59%3A37.json',0,'2023-05-19 02:00:14',0,'https://hearobucket.s3.ap-northeast-2.amazonaws.com/teamsiksik2%40gmail.com/277/input/2023.05.19%2001%3A59%3A37.wav'),(153,278,3,'2023.05.19 02:00:53의 대화',NULL,'https://hearobucket.s3.ap-northeast-2.amazonaws.com/teamsiksik2%40gmail.com/278/output/2023.05.19%2002%3A00%3A53.json',0,'2023-05-19 02:01:45',0,'https://hearobucket.s3.ap-northeast-2.amazonaws.com/teamsiksik2%40gmail.com/278/input/2023.05.19%2002%3A00%3A53.wav'),(154,279,3,'2023.05.19 02:05:55의 대화',NULL,'https://hearobucket.s3.ap-northeast-2.amazonaws.com/teamsiksik2%40gmail.com/279/output/2023.05.19%2002%3A05%3A55.json',0,'2023-05-19 02:06:28',0,'https://hearobucket.s3.ap-northeast-2.amazonaws.com/teamsiksik2%40gmail.com/279/input/2023.05.19%2002%3A05%3A55.wav'),(155,280,3,'2023.05.19 02:07:58의 대화',NULL,'https://hearobucket.s3.ap-northeast-2.amazonaws.com/teamsiksik2%40gmail.com/280/output/2023.05.19%2002%3A07%3A58.json',0,'2023-05-19 02:08:58',0,'https://hearobucket.s3.ap-northeast-2.amazonaws.com/teamsiksik2%40gmail.com/280/input/2023.05.19%2002%3A07%3A58.wav'),(156,281,3,'2023.05.19 02:09:23의 대화',NULL,'https://hearobucket.s3.ap-northeast-2.amazonaws.com/teamsiksik2%40gmail.com/281/output/2023.05.19%2002%3A09%3A23.json',0,'2023-05-19 02:09:57',0,'https://hearobucket.s3.ap-northeast-2.amazonaws.com/teamsiksik2%40gmail.com/281/input/2023.05.19%2002%3A09%3A23.wav'),(157,282,3,'2023.05.19 02:10:37의 대화',NULL,'https://hearobucket.s3.ap-northeast-2.amazonaws.com/teamsiksik2%40gmail.com/282/output/2023.05.19%2002%3A10%3A37.json',0,'2023-05-19 02:10:58',0,'https://hearobucket.s3.ap-northeast-2.amazonaws.com/teamsiksik2%40gmail.com/282/input/2023.05.19%2002%3A10%3A37.wav');
/*!40000 ALTER TABLE `record` ENABLE KEYS */;
UNLOCK TABLES;

--
-- Table structure for table `setting`
--

DROP TABLE IF EXISTS `setting`;
/*!40101 SET @saved_cs_client     = @@character_set_client */;
/*!50503 SET character_set_client = utf8mb4 */;
CREATE TABLE `setting` (
  `setting_seq` bigint NOT NULL AUTO_INCREMENT,
  `user_seq` bigint NOT NULL,
  `font_size` tinyint NOT NULL DEFAULT '2' COMMENT ' ',
  `voice_setting` tinyint NOT NULL DEFAULT '1' COMMENT ' ',
  `mod_dtm` datetime NOT NULL DEFAULT CURRENT_TIMESTAMP COMMENT ' ',
  PRIMARY KEY (`setting_seq`),
  KEY `user_seq` (`user_seq`),
  CONSTRAINT `setting_ibfk_1` FOREIGN KEY (`user_seq`) REFERENCES `user` (`user_seq`)
) ENGINE=InnoDB AUTO_INCREMENT=17 DEFAULT CHARSET=utf8mb4 COLLATE=utf8mb4_unicode_ci;
/*!40101 SET character_set_client = @saved_cs_client */;

--
-- Dumping data for table `setting`
--

LOCK TABLES `setting` WRITE;
/*!40000 ALTER TABLE `setting` DISABLE KEYS */;
INSERT INTO `setting` VALUES (1,1,2,1,'2023-05-14 07:38:01'),(2,2,2,1,'2023-05-14 07:38:07'),(3,3,1,2,'2023-05-18 11:41:10'),(4,4,2,1,'2023-05-14 23:58:17'),(5,5,1,2,'2023-05-19 01:08:31'),(6,6,2,1,'2023-05-15 08:07:49'),(7,7,1,1,'2023-05-18 11:19:15'),(8,8,2,1,'2023-05-17 01:21:05'),(9,9,2,1,'2023-05-17 02:16:59'),(10,10,2,1,'2023-05-17 05:11:25'),(11,11,2,1,'2023-05-18 00:23:29'),(12,12,2,1,'2023-05-18 03:45:58'),(13,13,2,1,'2023-05-18 06:29:07'),(14,14,2,1,'2023-05-18 19:47:59'),(15,15,2,1,'2023-05-18 21:24:59'),(16,16,2,1,'2023-05-19 00:19:33');
/*!40000 ALTER TABLE `setting` ENABLE KEYS */;
UNLOCK TABLES;

--
-- Table structure for table `user`
--

DROP TABLE IF EXISTS `user`;
/*!40101 SET @saved_cs_client     = @@character_set_client */;
/*!50503 SET character_set_client = utf8mb4 */;
CREATE TABLE `user` (
  `user_seq` bigint NOT NULL AUTO_INCREMENT,
  `email` varchar(100) COLLATE utf8mb4_unicode_ci DEFAULT NULL COMMENT ' ',
  `nickname` varchar(45) COLLATE utf8mb4_unicode_ci DEFAULT NULL COMMENT ' ',
  `image_url` varchar(500) COLLATE utf8mb4_unicode_ci DEFAULT NULL COMMENT '  ',
  `user_role` varchar(20) COLLATE utf8mb4_unicode_ci DEFAULT NULL COMMENT ' ',
  `user_password` varchar(20) COLLATE utf8mb4_unicode_ci DEFAULT NULL COMMENT '  ',
  `refresh_token` varchar(500) COLLATE utf8mb4_unicode_ci DEFAULT NULL COMMENT '  ',
  `del_yn` tinyint NOT NULL DEFAULT '0' COMMENT ' ',
  `social_id` varchar(255) COLLATE utf8mb4_unicode_ci DEFAULT NULL,
  PRIMARY KEY (`user_seq`)
) ENGINE=InnoDB AUTO_INCREMENT=17 DEFAULT CHARSET=utf8mb4 COLLATE=utf8mb4_unicode_ci;
/*!40101 SET character_set_client = @saved_cs_client */;

--
-- Dumping data for table `user`
--

LOCK TABLES `user` WRITE;
/*!40000 ALTER TABLE `user` DISABLE KEYS */;
INSERT INTO `user` VALUES (1,'teamet66@gmail.com','김이식','https://lh3.googleusercontent.com/a/AGNmyxY5OW52oQ8KR4u77jUobTqtgukhd-q6yMK0Z1yy=s96-c','USER',NULL,'eyJhbGciOiJIUzI1NiJ9.eyJqdGkiOiJ0ZWFtZXQ2NkBnbWFpbC5jb20iLCJpYXQiOjE2ODQ0NTg4NTIsImV4cCI6MTY4NTA2MzY1Mn0.LXPVogOoh5dmh_ASRyf8jrib0ARPyQB9IllhwbZ9XEQ',0,NULL),(2,'janghoonp12@gmail.com','Raymond Janghoon Park','https://lh3.googleusercontent.com/a/AGNmyxYyStnlFwHp3Zoe8CJO_r1GA1KuN2qJZXNsgmdI=s96-c','USER',NULL,NULL,0,NULL),(3,'teamsiksik2@gmail.com','김식식','https://lh3.googleusercontent.com/a/AGNmyxYCMixQDcEhuNG9sM4cvQymNpzm0amsAqhDgHeR=s96-c','USER',NULL,'eyJhbGciOiJIUzI1NiJ9.eyJqdGkiOiJ0ZWFtc2lrc2lrMkBnbWFpbC5jb20iLCJpYXQiOjE2ODQ0NTU4ODYsImV4cCI6MTY4NTA2MDY4Nn0.tU5aJouehpA9cv9Jguo341ZT1kN3X9qWOMH20ixOVNU',0,NULL),(4,'leecollier.76682@gmail.com','Lee Collier','https://lh3.googleusercontent.com/a/AGNmyxbD0iJOP6LeP3Fn-Jqn2gcX7kiC0ummrr-qPevt=s96-c','USER',NULL,'eyJhbGciOiJIUzI1NiJ9.eyJqdGkiOiJsZWVjb2xsaWVyLjc2NjgyQGdtYWlsLmNvbSIsImlhdCI6MTY4NDEwODY5NiwiZXhwIjoxNjg0NzEzNDk2fQ.yNvVal34343lvhB31A3wbQsAzKXiGJiOYSZ3v3TgP5o',0,NULL),(5,'nayeonkinn@gmail.com','김나연','https://lh3.googleusercontent.com/a/AGNmyxYK7IQ_WjhXzHlLTq-muInGob5QtCHDcbQifyjs=s96-c','USER',NULL,'eyJhbGciOiJIUzI1NiJ9.eyJqdGkiOiJuYXllb25raW5uQGdtYWlsLmNvbSIsImlhdCI6MTY4NDQ1NjY1MiwiZXhwIjoxNjg1MDYxNDUyfQ.o7syAZcoeXZyxvQO5dEYpBRrUyW_uoLa5QqzsrXuJBc',0,NULL),(6,'isagkim@gmail.com','김진호[서울_7반_A705]팀원','https://lh3.googleusercontent.com/a/AGNmyxaw70NcvyZx4IMALQ5qcDLQc6wwBWMRFE_yREFR=s96-c','USER',NULL,NULL,0,NULL),(7,'gs20wow@gmail.com','남기성[서울_자율6반_A603]팀원','https://lh3.googleusercontent.com/a/AGNmyxY9RGjFlzH7oWttMsPsZUMTfPdxJydmacSdLEHcPr8=s96-c','USER',NULL,NULL,0,NULL),(8,'ssafy.coach7@gmail.com','hayoung choi','https://lh3.googleusercontent.com/a/AGNmyxYNytGPgTzVJtX2w_NF-KKwOcBY25inAaLj5hWQ=s96-c','USER',NULL,'eyJhbGciOiJIUzI1NiJ9.eyJqdGkiOiJzc2FmeS5jb2FjaDdAZ21haWwuY29tIiwiaWF0IjoxNjg0MzcyNzEzLCJleHAiOjE2ODQ5Nzc1MTN9.owSjyceQp3TrxiL8DsDusM3_VhUoGG3VVASsAaM0GRQ',0,NULL),(9,'ssafy.seyoung@gmail.com','박세영','https://lh3.googleusercontent.com/a/AGNmyxbPr8zmgHHzuSAmFEVL62kSwdUQZuqKQv6W9TjB=s96-c','USER',NULL,'eyJhbGciOiJIUzI1NiJ9.eyJqdGkiOiJzc2FmeS5zZXlvdW5nQGdtYWlsLmNvbSIsImlhdCI6MTY4NDI4OTgxOCwiZXhwIjoxNjg0ODk0NjE4fQ.f2g69MwoZpdVrb_j6uUPBuTDyBC2qYPGNEKv-76TcJc',0,NULL),(10,'dongjun9636@gmail.com','김동준 (cjfal)','https://lh3.googleusercontent.com/a/AGNmyxZxf9o31_-pSSbuUPQVpCpz8seNloH9tVjodlU=s96-c','USER',NULL,'eyJhbGciOiJIUzI1NiJ9.eyJqdGkiOiJkb25nanVuOTYzNkBnbWFpbC5jb20iLCJpYXQiOjE2ODQzOTMyNjMsImV4cCI6MTY4NDk5ODA2M30.mP14cnsFMkep2wE9UF7YLkNLMd8SJJ_ZN9k4dKKMFic',0,NULL),(11,'1109ssh.code@gmail.com','SeungHwan Son','https://lh3.googleusercontent.com/a/AGNmyxbglJfL6008B9RrE5oEZPfdu1adzt0nj7ceUAAG=s96-c','USER',NULL,'eyJhbGciOiJIUzI1NiJ9.eyJqdGkiOiIxMTA5c3NoLmNvZGVAZ21haWwuY29tIiwiaWF0IjoxNjg0MzY5NDA4LCJleHAiOjE2ODQ5NzQyMDh9.kUT8d3a5GnmSdFRDMs4yXA-TzJLu989qZ_nIHLwyvds',0,NULL),(12,'jeffreymaldonado.27538@gmail.com','Jeffrey Maldonado','https://lh3.googleusercontent.com/a/AGNmyxZ2ofel12Ndygot9xhArN5ILGGrJvlwCc_th69m=s96-c','USER',NULL,'eyJhbGciOiJIUzI1NiJ9.eyJqdGkiOiJqZWZmcmV5bWFsZG9uYWRvLjI3NTM4QGdtYWlsLmNvbSIsImlhdCI6MTY4NDM4MTU1OCwiZXhwIjoxNjg0OTg2MzU4fQ.xOGyXEV3nVHIDKqT5OVg1kTK5imLsTnQca8Vx5PIBc4',0,NULL),(13,'gotommao@gmail.com','고병진','https://lh3.googleusercontent.com/a/AGNmyxb2FSucO2xbqI8SoA7weeqUJTcVWr_DJlIRqwHl=s96-c','USER',NULL,'eyJhbGciOiJIUzI1NiJ9.eyJqdGkiOiJnb3RvbW1hb0BnbWFpbC5jb20iLCJpYXQiOjE2ODQzOTEzNDcsImV4cCI6MTY4NDk5NjE0N30.n5eFWRbWedeSD0TA7v8hJELa5D_91p-z1lnqKHidi5M',0,NULL),(14,'claudiaross.25064@gmail.com','Claudia Ross','https://lh3.googleusercontent.com/a/AGNmyxbT8vyiosHA3JmqmFwTELY6s3KqfUbv-4t8BCy3=s96-c','USER',NULL,'eyJhbGciOiJIUzI1NiJ9.eyJqdGkiOiJjbGF1ZGlhcm9zcy4yNTA2NEBnbWFpbC5jb20iLCJpYXQiOjE2ODQ0MzkyNzgsImV4cCI6MTY4NTA0NDA3OH0.MWaVGVvbGx0jeG_hN-bXt7gHNSMmdNGyz0a0HGByLmY',0,NULL),(15,'robynreyes.45452@gmail.com','Robyn Reyes','https://lh3.googleusercontent.com/a/AGNmyxYQqvRQhKiPoACVB6KiQktw2RkVgbfOB2hIXeoP=s96-c','USER',NULL,'eyJhbGciOiJIUzI1NiJ9.eyJqdGkiOiJyb2J5bnJleWVzLjQ1NDUyQGdtYWlsLmNvbSIsImlhdCI6MTY4NDQ0NTA5OCwiZXhwIjoxNjg1MDQ5ODk4fQ.TmapovNgbHClU7DZEuY1XX4fga1GI3j0UFYhVPLVdUI',0,NULL),(16,'fatimahgerber.99150@gmail.com','Fatimah Gerber','https://lh3.googleusercontent.com/a/AGNmyxYohOFMd8Ad-39trzhPH0-fsVihXF-EgL3ryBKH=s96-c','USER',NULL,'eyJhbGciOiJIUzI1NiJ9.eyJqdGkiOiJmYXRpbWFoZ2VyYmVyLjk5MTUwQGdtYWlsLmNvbSIsImlhdCI6MTY4NDQ1NTU3MywiZXhwIjoxNjg1MDYwMzczfQ.2GNE-tR4yN79_mpIFFiL78uaPHgJ6CbizuLUZrrBXwA',0,NULL);
/*!40000 ALTER TABLE `user` ENABLE KEYS */;
UNLOCK TABLES;
/*!40103 SET TIME_ZONE=@OLD_TIME_ZONE */;

/*!40101 SET SQL_MODE=@OLD_SQL_MODE */;
/*!40014 SET FOREIGN_KEY_CHECKS=@OLD_FOREIGN_KEY_CHECKS */;
/*!40014 SET UNIQUE_CHECKS=@OLD_UNIQUE_CHECKS */;
/*!40101 SET CHARACTER_SET_CLIENT=@OLD_CHARACTER_SET_CLIENT */;
/*!40101 SET CHARACTER_SET_RESULTS=@OLD_CHARACTER_SET_RESULTS */;
/*!40101 SET COLLATION_CONNECTION=@OLD_COLLATION_CONNECTION */;
/*!40111 SET SQL_NOTES=@OLD_SQL_NOTES */;

-- Dump completed on 2023-05-19 11:22:17
